customer_id,churn,churn_month
1,1,2020-02-01
2,1,2020-02-01
3,1,2020-01-01
4,1,2020-08-01
5,1,2020-03-01
6,1,2020-08-01
7,1,2020-01-01
8,1,2020-02-01
9,1,2020-05-01
10,1,2020-07-01
11,1,2020-08-01
12,1,2020-04-01
13,1,2020-09-01
14,1,2020-07-01
15,1,2020-01-01
16,1,2020-03-01
17,1,2020-02-01
18,1,2020-04-01
19,1,2020-02-01
20,1,2020-03-01
21,1,2020-01-01
22,1,2020-03-01
23,1,2020-05-01
24,1,2020-01-01
25,1,2020-03-01
26,1,2020-07-01
27,1,2020-04-01
28,1,2020-02-01
29,1,2020-05-01
30,1,2020-03-01
31,1,2020-02-01
32,1,2020-01-01
33,1,2020-07-01
34,1,2020-01-01
35,1,2020-03-01
36,1,2020-02-01
37,1,2020-05-01
38,1,2020-03-01
39,1,2020-04-01
40,1,2020-05-01
41,1,2020-02-01
42,1,2020-07-01
43,1,2020-04-01
44,1,2020-05-01
45,1,2020-01-01
46,1,2020-06-01
47,1,2020-03-01
48,1,2020-05-01
49,1,2021-01-01
50,1,2020-02-01
51,1,2020-08-01
52,1,2020-02-01
53,1,2020-02-01
54,1,2020-04-01
55,1,2020-02-01
56,1,2020-01-01
57,1,2020-02-01
58,1,2020-06-01
59,1,2020-03-01
60,1,2020-03-01
61,1,2020-02-01
62,1,2021-03-01
63,1,2020-01-01
64,1,2020-05-01
65,1,2020-04-01
66,1,2020-02-01
67,1,2020-11-01
68,1,2020-09-01
69,1,2020-01-01
70,1,2020-07-01
71,1,2020-05-01
72,1,2020-03-01
73,1,2020-02-01
74,1,2021-05-01
75,1,2020-02-01
76,1,2020-02-01
77,1,2020-03-01
78,1,2020-03-01
79,1,2020-07-01
80,1,2020-02-01
81,1,2020-04-01
82,1,2020-02-01
83,1,2020-04-01
84,1,2020-03-01
85,1,2020-01-01
86,1,2020-07-01
87,1,2020-04-01
88,1,2020-03-01
89,1,2020-01-01
90,1,2020-03-01
91,1,2021-03-01
92,1,2020-04-01
93,1,2020-03-01
94,1,2020-02-01
95,1,2020-06-01
96,1,2020-01-01
97,1,2020-01-01
98,1,2020-01-01
99,1,2020-06-01
100,1,2020-04-01
101,1,2020-06-01
102,1,2020-07-01
103,1,2020-01-01
104,1,2020-02-01
105,1,2020-02-01
106,1,2020-06-01
107,1,2020-01-01
108,1,2020-02-01
109,1,2020-04-01
110,1,2020-05-01
111,1,2020-03-01
112,1,2020-06-01
113,1,2020-06-01
114,1,2020-02-01
115,1,2020-02-01
116,1,2020-03-01
117,1,2020-02-01
118,1,2020-02-01
119,1,2020-06-01
120,1,2020-09-01
121,1,2020-02-01
122,1,2020-01-01
123,1,2020-04-01
124,1,2020-02-01
125,1,2020-04-01
126,1,2020-04-01
127,1,2020-06-01
128,1,2020-04-01
129,1,2020-03-01
130,1,2020-08-01
131,1,2020-01-01
132,1,2020-02-01
133,1,2020-01-01
134,1,2020-01-01
135,1,2020-04-01
136,1,2020-04-01
137,1,2020-02-01
138,1,2020-04-01
139,1,2020-06-01
140,1,2020-01-01
141,1,2020-01-01
142,1,2020-07-01
143,1,2020-03-01
144,1,2020-01-01
145,1,2020-01-01
146,1,2020-05-01
147,1,2020-02-01
148,1,2020-01-01
149,1,2020-03-01
150,1,2020-03-01
151,1,2020-03-01
152,1,2020-01-01
153,1,2020-02-01
154,1,2020-03-01
155,1,2020-06-01
156,1,2020-06-01
157,1,2020-01-01
158,1,2020-05-01
159,1,2020-08-01
160,1,2020-01-01
161,1,2020-01-01
162,1,2020-01-01
163,1,2020-01-01
164,1,2020-07-01
165,1,2020-04-01
166,1,2020-01-01
167,1,2020-01-01
168,1,2020-02-01
169,1,2020-09-01
170,1,2020-03-01
171,1,2020-01-01
172,1,2020-06-01
173,1,2020-03-01
174,1,2020-09-01
175,1,2020-02-01
176,1,2020-01-01
177,1,2020-06-01
178,1,2020-01-01
179,1,2020-01-01
180,1,2020-02-01
181,1,2020-10-01
182,1,2020-01-01
183,1,2020-01-01
184,1,2020-05-01
185,1,2020-08-01
186,1,2020-04-01
187,1,2020-04-01
188,1,2020-10-01
189,1,2020-06-01
190,1,2020-01-01
191,1,2020-03-01
192,1,2020-05-01
193,1,2020-04-01
194,1,2020-02-01
195,1,2020-02-01
196,1,2020-06-01
197,1,2020-04-01
198,1,2020-04-01
199,1,2020-05-01
200,1,2020-10-01
201,1,2020-05-01
202,1,2020-03-01
203,1,2020-02-01
204,1,2020-06-01
205,1,2020-04-01
206,1,2020-01-01
207,1,2020-01-01
208,1,2020-01-01
209,1,2020-01-01
210,1,2020-04-01
211,1,2020-05-01
212,1,2020-02-01
213,1,2020-03-01
214,1,2020-04-01
215,1,2020-01-01
216,1,2020-01-01
217,1,2020-01-01
218,1,2020-03-01
219,1,2020-05-01
220,1,2020-02-01
221,1,2020-05-01
222,1,2020-04-01
223,1,2020-04-01
224,1,2020-01-01
225,1,2020-04-01
226,1,2020-11-01
227,1,2020-03-01
228,1,2020-01-01
229,1,2020-01-01
230,1,2020-04-01
231,1,2020-06-01
232,1,2020-04-01
233,1,2020-03-01
234,1,2020-01-01
235,1,2020-02-01
236,1,2020-04-01
237,1,2020-01-01
238,1,2020-02-01
239,1,2020-02-01
240,1,2020-03-01
241,1,2020-07-01
242,1,2020-03-01
243,1,2020-12-01
244,1,2020-04-01
245,1,2020-05-01
246,1,2020-02-01
247,1,2020-03-01
248,1,2020-06-01
249,1,2020-02-01
250,1,2020-03-01
251,1,2020-04-01
252,1,2020-12-01
253,1,2020-02-01
254,1,2020-07-01
255,1,2020-03-01
256,1,2020-03-01
257,1,2020-06-01
258,1,2020-01-01
259,1,2021-01-01
260,1,2020-03-01
261,1,2020-06-01
262,1,2020-01-01
263,1,2020-05-01
264,1,2020-01-01
265,1,2020-02-01
266,1,2020-01-01
267,1,2020-02-01
268,1,2020-03-01
269,1,2020-02-01
270,1,2020-09-01
271,1,2020-02-01
272,1,2020-04-01
273,1,2020-04-01
274,1,2020-07-01
275,1,2020-04-01
276,1,2020-05-01
277,1,2020-05-01
278,1,2020-02-01
279,1,2020-01-01
280,1,2020-05-01
281,1,2020-08-01
282,1,2020-10-01
283,1,2020-05-01
284,1,2020-06-01
285,1,2020-05-01
286,1,2020-02-01
287,1,2020-01-01
288,1,2020-04-01
289,1,2020-08-01
290,1,2020-02-01
291,1,2020-06-01
292,1,2020-02-01
293,1,2020-02-01
294,1,2020-03-01
295,1,2020-05-01
296,1,2020-06-01
297,1,2020-04-01
298,1,2020-01-01
299,1,2020-07-01
300,1,2020-02-01
301,1,2020-02-01
302,1,2020-02-01
303,1,2020-06-01
304,1,2020-05-01
305,1,2020-04-01
306,1,2020-10-01
307,1,2020-06-01
308,1,2020-02-01
309,1,2020-03-01
310,1,2020-02-01
311,1,2020-03-01
312,1,2020-01-01
313,1,2020-07-01
314,1,2020-03-01
315,1,2020-02-01
316,1,2020-01-01
317,1,2020-05-01
318,1,2020-09-01
319,1,2020-06-01
320,1,2020-08-01
321,1,2020-04-01
322,1,2020-02-01
323,1,2020-02-01
324,1,2020-02-01
325,1,2020-04-01
326,1,2020-06-01
327,1,2020-10-01
328,1,2020-03-01
329,1,2020-02-01
330,1,2020-01-01
331,1,2020-04-01
332,1,2020-01-01
333,1,2020-02-01
334,1,2020-06-01
335,1,2020-04-01
336,1,2020-03-01
337,1,2020-02-01
338,1,2020-02-01
339,1,2021-04-01
340,1,2020-01-01
341,1,2020-12-01
342,1,2020-03-01
343,1,2020-05-01
344,1,2020-06-01
345,1,2020-01-01
346,1,2020-03-01
347,1,2020-01-01
348,1,2020-02-01
349,1,2020-05-01
350,1,2020-01-01
351,1,2020-03-01
352,1,2020-01-01
353,1,2020-01-01
354,1,2020-03-01
355,1,2020-02-01
356,1,2020-02-01
357,1,2020-01-01
358,1,2020-02-01
359,1,2021-06-01
360,1,2020-04-01
361,1,2020-01-01
362,1,2020-07-01
363,1,2020-06-01
364,1,2020-07-01
365,1,2020-01-01
366,1,2020-05-01
367,1,2020-12-01
368,1,2020-05-01
369,1,2020-03-01
370,1,2020-02-01
371,1,2020-05-01
372,1,2020-08-01
373,1,2020-09-01
374,1,2020-04-01
375,1,2020-02-01
376,1,2020-03-01
377,1,2020-01-01
378,1,2020-05-01
379,1,2020-02-01
380,1,2020-01-01
381,1,2020-05-01
382,1,2020-01-01
383,1,2020-01-01
384,1,2020-08-01
385,1,2020-01-01
386,1,2020-04-01
387,1,2020-01-01
388,1,2020-02-01
389,1,2020-07-01
390,1,2021-01-01
391,1,2020-01-01
392,1,2020-03-01
393,1,2020-02-01
394,1,2020-03-01
395,1,2020-09-01
396,1,2020-02-01
397,1,2020-05-01
398,1,2020-01-01
399,1,2020-02-01
400,1,2020-02-01
401,1,2020-01-01
402,1,2020-04-01
403,1,2020-01-01
404,1,2020-01-01
405,1,2020-01-01
406,1,2020-01-01
407,1,2020-01-01
408,1,2020-06-01
409,1,2020-05-01
410,1,2020-06-01
411,1,2020-07-01
412,1,2020-02-01
413,1,2020-04-01
414,1,2020-02-01
415,1,2020-02-01
416,1,2020-03-01
417,1,2020-05-01
418,1,2020-09-01
419,1,2020-01-01
420,1,2020-01-01
421,1,2020-04-01
422,1,2020-05-01
423,1,2020-03-01
424,1,2020-02-01
425,1,2020-02-01
426,1,2020-01-01
427,1,2020-05-01
428,1,2020-01-01
429,1,2020-03-01
430,1,2020-04-01
431,1,2020-08-01
432,1,2020-01-01
433,1,2020-06-01
434,1,2020-02-01
435,1,2020-02-01
436,1,2020-03-01
437,1,2021-03-01
438,1,2020-05-01
439,1,2020-08-01
440,1,2020-04-01
441,1,2020-03-01
442,1,2020-08-01
443,1,2020-01-01
444,1,2020-03-01
445,1,2020-06-01
446,1,2020-01-01
447,1,2020-03-01
448,1,2020-05-01
449,1,2020-01-01
450,1,2020-01-01
451,1,2020-07-01
452,1,2020-03-01
453,1,2020-03-01
454,1,2020-01-01
455,1,2020-07-01
456,1,2020-01-01
457,1,2020-02-01
458,1,2020-02-01
459,1,2020-08-01
460,1,2020-03-01
461,1,2020-04-01
462,1,2020-03-01
463,1,2020-05-01
464,1,2020-03-01
465,1,2020-03-01
466,1,2020-02-01
467,1,2020-01-01
468,1,2020-02-01
469,1,2020-02-01
470,1,2020-02-01
471,1,2020-07-01
472,1,2020-04-01
473,1,2020-03-01
474,1,2020-04-01
475,1,2020-03-01
476,1,2020-02-01
477,1,2020-02-01
478,1,2020-08-01
479,1,2020-03-01
480,1,2020-05-01
481,1,2020-06-01
482,1,2020-01-01
483,1,2020-02-01
484,1,2020-01-01
485,1,2020-02-01
486,1,2020-04-01
487,1,2020-02-01
488,1,2020-01-01
489,1,2020-02-01
490,1,2020-07-01
491,1,2020-03-01
492,1,2020-01-01
493,1,2020-04-01
494,1,2020-01-01
495,1,2020-06-01
496,1,2020-02-01
497,1,2021-02-01
498,1,2020-02-01
499,1,2020-05-01
500,1,2020-03-01
501,1,2020-01-01
502,1,2020-01-01
503,1,2020-06-01
504,1,2020-06-01
505,1,2020-04-01
506,1,2020-05-01
507,1,2020-03-01
508,1,2020-02-01
509,1,2020-04-01
510,1,2020-04-01
511,1,2020-04-01
512,1,2020-02-01
513,1,2020-01-01
514,1,2020-02-01
515,1,2021-10-01
516,1,2020-02-01
517,1,2020-01-01
518,1,2020-08-01
519,1,2020-04-01
520,1,2020-03-01
521,1,2020-01-01
522,1,2020-07-01
523,1,2020-10-01
524,1,2020-03-01
525,1,2020-05-01
526,1,2020-01-01
527,1,2020-03-01
528,1,2020-07-01
529,1,2020-03-01
530,1,2020-05-01
531,1,2020-02-01
532,1,2020-04-01
533,1,2020-01-01
534,1,2020-05-01
535,1,2020-05-01
536,1,2020-02-01
537,1,2020-01-01
538,1,2020-04-01
539,1,2020-08-01
540,1,2020-03-01
541,1,2021-03-01
542,1,2020-04-01
543,1,2020-03-01
544,1,2020-06-01
545,1,2020-07-01
546,1,2020-08-01
547,1,2020-03-01
548,1,2020-04-01
549,1,2020-06-01
550,1,2020-02-01
551,1,2020-05-01
552,1,2020-03-01
553,1,2020-02-01
554,1,2020-05-01
555,1,2020-04-01
556,1,2020-06-01
557,1,2020-07-01
558,1,2020-09-01
559,1,2020-03-01
560,1,2020-11-01
561,1,2020-03-01
562,1,2021-03-01
563,1,2020-06-01
564,1,2020-01-01
565,1,2020-04-01
566,1,2020-11-01
567,1,2020-05-01
568,1,2020-04-01
569,1,2020-03-01
570,1,2020-02-01
571,1,2020-05-01
572,1,2020-08-01
573,1,2020-02-01
574,1,2020-05-01
575,1,2020-04-01
576,1,2020-02-01
577,1,2020-02-01
578,1,2020-01-01
579,1,2020-04-01
580,1,2020-04-01
581,1,2020-04-01
582,1,2020-02-01
583,1,2020-04-01
584,1,2020-02-01
585,1,2020-07-01
586,1,2020-02-01
587,1,2020-04-01
588,1,2020-04-01
589,1,2020-02-01
590,1,2020-07-01
591,1,2020-02-01
592,1,2021-02-01
593,1,2020-05-01
594,1,2020-03-01
595,1,2020-02-01
596,1,2020-02-01
597,1,2020-01-01
598,1,2020-03-01
599,1,2020-03-01
600,1,2020-04-01
601,1,2020-01-01
602,1,2020-03-01
603,1,2020-05-01
604,1,2020-03-01
605,1,2020-03-01
606,1,2020-06-01
607,1,2020-05-01
608,1,2020-12-01
609,1,2020-05-01
610,1,2020-09-01
611,1,2020-05-01
612,1,2020-02-01
613,1,2020-08-01
614,1,2020-09-01
615,1,2020-02-01
616,1,2020-05-01
617,1,2020-05-01
618,1,2020-06-01
619,1,2020-05-01
620,1,2020-02-01
621,1,2020-01-01
622,1,2020-06-01
623,1,2021-05-01
624,1,2020-02-01
625,1,2020-05-01
626,1,2020-01-01
627,1,2020-02-01
628,1,2020-02-01
629,1,2020-01-01
630,1,2020-08-01
631,1,2020-01-01
632,1,2020-04-01
633,1,2020-04-01
634,1,2020-11-01
635,1,2020-07-01
636,1,2020-02-01
637,1,2020-07-01
638,1,2020-01-01
639,1,2021-02-01
640,1,2020-03-01
641,1,2020-06-01
642,1,2020-05-01
643,1,2020-05-01
644,1,2020-02-01
645,1,2020-03-01
646,1,2020-06-01
647,1,2020-06-01
648,1,2020-04-01
649,1,2020-08-01
650,1,2020-04-01
651,1,2020-05-01
652,1,2020-02-01
653,1,2020-02-01
654,1,2020-02-01
655,1,2020-08-01
656,1,2020-02-01
657,1,2020-03-01
658,1,2020-05-01
659,1,2020-02-01
660,1,2020-03-01
661,1,2020-01-01
662,1,2020-01-01
663,1,2020-03-01
664,1,2020-03-01
665,1,2020-03-01
666,1,2020-09-01
667,1,2020-04-01
668,1,2020-02-01
669,1,2020-05-01
670,1,2020-03-01
671,1,2020-03-01
672,1,2020-03-01
673,1,2020-08-01
674,1,2020-01-01
675,1,2020-04-01
676,1,2020-03-01
677,1,2020-02-01
678,1,2020-10-01
679,1,2020-01-01
680,1,2020-06-01
681,1,2020-02-01
682,1,2020-01-01
683,1,2020-08-01
684,1,2020-04-01
685,1,2020-02-01
686,1,2020-05-01
687,1,2020-06-01
688,1,2020-02-01
689,1,2020-01-01
690,1,2020-02-01
691,1,2020-02-01
692,1,2020-06-01
693,1,2020-04-01
694,1,2020-03-01
695,1,2020-01-01
696,1,2020-03-01
697,1,2020-01-01
698,1,2020-08-01
699,1,2020-01-01
700,1,2020-01-01
701,1,2020-03-01
702,1,2020-09-01
703,1,2020-02-01
704,1,2020-03-01
705,1,2020-08-01
706,1,2020-11-01
707,1,2020-02-01
708,1,2020-02-01
709,1,2020-03-01
710,1,2020-04-01
711,1,2020-03-01
712,1,2020-07-01
713,1,2020-02-01
714,1,2020-07-01
715,1,2020-02-01
716,1,2020-02-01
717,1,2020-05-01
718,1,2020-01-01
719,1,2020-05-01
720,1,2020-08-01
721,1,2020-08-01
722,1,2020-01-01
723,1,2020-05-01
724,1,2020-11-01
725,1,2020-03-01
726,1,2020-05-01
727,1,2020-01-01
728,1,2020-03-01
729,1,2020-04-01
730,1,2020-04-01
731,1,2020-01-01
732,1,2020-03-01
733,1,2020-03-01
734,1,2020-02-01
735,1,2020-01-01
736,1,2020-02-01
737,1,2020-05-01
738,1,2020-01-01
739,1,2020-05-01
740,1,2020-09-01
741,1,2020-04-01
742,1,2020-02-01
743,1,2020-12-01
744,1,2020-03-01
745,1,2020-04-01
746,1,2020-04-01
747,1,2020-02-01
748,1,2020-05-01
749,1,2020-02-01
750,1,2020-06-01
751,1,2020-03-01
752,1,2021-06-01
753,1,2020-05-01
754,1,2020-02-01
755,1,2020-03-01
756,1,2020-04-01
757,1,2020-04-01
758,1,2020-02-01
759,1,2020-03-01
760,1,2020-07-01
761,1,2020-04-01
762,1,2020-02-01
763,1,2021-07-01
764,1,2020-03-01
765,1,2020-03-01
766,1,2020-03-01
767,1,2021-02-01
768,1,2020-04-01
769,1,2020-01-01
770,1,2020-01-01
771,1,2020-03-01
772,1,2020-05-01
773,1,2020-07-01
774,1,2020-05-01
775,1,2020-03-01
776,1,2020-02-01
777,1,2020-02-01
778,1,2020-07-01
779,1,2020-02-01
780,1,2020-01-01
781,1,2020-04-01
782,1,2020-02-01
783,1,2020-01-01
784,1,2020-02-01
785,1,2020-07-01
786,1,2020-07-01
787,1,2020-05-01
788,1,2020-03-01
789,1,2020-04-01
790,1,2020-04-01
791,1,2020-05-01
792,1,2020-04-01
793,1,2020-05-01
794,1,2020-06-01
795,1,2020-03-01
796,1,2020-01-01
797,1,2020-01-01
798,1,2020-02-01
799,1,2020-04-01
800,1,2020-08-01
801,1,2021-02-01
802,1,2020-09-01
803,1,2020-09-01
804,1,2020-08-01
805,1,2020-02-01
806,1,2020-02-01
807,1,2020-08-01
808,1,2020-02-01
809,1,2020-07-01
810,1,2020-01-01
811,1,2020-01-01
812,1,2020-10-01
813,1,2020-02-01
814,1,2020-07-01
815,1,2020-02-01
816,1,2020-02-01
817,1,2020-02-01
818,1,2021-07-01
819,1,2020-03-01
820,1,2020-07-01
821,1,2020-06-01
822,1,2020-11-01
823,1,2020-11-01
824,1,2020-02-01
825,1,2020-02-01
826,1,2020-01-01
827,1,2020-01-01
828,1,2020-09-01
829,1,2020-04-01
830,1,2020-05-01
831,1,2020-01-01
832,1,2020-02-01
833,1,2020-01-01
834,1,2020-05-01
835,1,2020-03-01
836,1,2020-06-01
837,1,2020-01-01
838,1,2020-02-01
839,1,2020-03-01
840,1,2020-01-01
841,1,2020-01-01
842,1,2020-04-01
843,1,2020-02-01
844,1,2020-02-01
845,1,2020-04-01
846,1,2020-04-01
847,1,2020-03-01
848,1,2020-01-01
849,1,2020-05-01
850,1,2020-07-01
851,1,2020-01-01
852,1,2020-02-01
853,1,2020-01-01
854,1,2020-01-01
855,1,2020-08-01
856,1,2020-02-01
857,1,2020-03-01
858,1,2020-03-01
859,1,2021-01-01
860,1,2020-05-01
861,1,2020-04-01
862,1,2020-08-01
863,1,2020-02-01
864,1,2020-05-01
865,1,2020-02-01
866,1,2020-09-01
867,1,2020-01-01
868,1,2020-02-01
869,1,2020-03-01
870,1,2020-02-01
871,1,2020-08-01
872,1,2020-09-01
873,1,2020-01-01
874,1,2020-02-01
875,1,2020-02-01
876,1,2020-02-01
877,1,2020-06-01
878,1,2020-02-01
879,1,2020-02-01
880,1,2020-02-01
881,1,2020-01-01
882,1,2020-02-01
883,1,2020-01-01
884,1,2020-05-01
885,1,2020-01-01
886,1,2020-03-01
887,1,2020-03-01
888,1,2020-09-01
889,1,2020-03-01
890,1,2020-02-01
891,1,2020-04-01
892,1,2020-01-01
893,1,2020-05-01
894,1,2020-05-01
895,1,2020-01-01
896,1,2020-05-01
897,1,2020-07-01
898,1,2020-10-01
899,1,2020-02-01
900,1,2020-02-01
901,1,2020-03-01
902,1,2020-06-01
903,1,2020-01-01
904,1,2020-03-01
905,1,2020-02-01
906,1,2020-04-01
907,1,2020-04-01
908,1,2020-02-01
909,1,2020-01-01
910,1,2020-07-01
911,1,2020-05-01
912,1,2020-06-01
913,1,2020-01-01
914,1,2020-01-01
915,1,2020-02-01
916,1,2020-04-01
917,1,2020-02-01
918,1,2020-06-01
919,1,2021-05-01
920,1,2020-03-01
921,1,2020-01-01
922,1,2020-10-01
923,1,2020-05-01
924,1,2020-02-01
925,1,2020-01-01
926,1,2020-03-01
927,1,2020-04-01
928,1,2020-10-01
929,1,2020-01-01
930,1,2020-01-01
931,1,2020-03-01
932,1,2020-01-01
933,1,2020-01-01
934,1,2020-02-01
935,1,2020-03-01
936,1,2020-02-01
937,1,2020-04-01
938,1,2021-05-01
939,1,2020-01-01
940,1,2020-07-01
941,1,2020-03-01
942,1,2020-04-01
943,1,2020-01-01
944,1,2020-05-01
945,1,2020-09-01
946,1,2020-01-01
947,1,2020-09-01
948,1,2020-01-01
949,1,2020-07-01
950,1,2020-01-01
951,1,2020-07-01
952,1,2020-01-01
953,1,2020-02-01
954,1,2020-08-01
955,1,2020-03-01
956,1,2020-04-01
957,1,2020-02-01
958,1,2020-01-01
959,1,2020-06-01
960,1,2020-06-01
961,1,2020-02-01
962,1,2020-04-01
963,1,2020-06-01
964,1,2020-08-01
965,1,2020-06-01
966,1,2020-06-01
967,1,2020-04-01
968,1,2020-09-01
969,1,2020-01-01
970,1,2020-03-01
971,1,2020-02-01
972,1,2020-08-01
973,1,2020-02-01
974,1,2020-01-01
975,1,2020-03-01
976,1,2020-03-01
977,1,2020-04-01
978,1,2020-05-01
979,1,2020-06-01
980,1,2020-02-01
981,1,2020-03-01
982,1,2020-03-01
983,1,2020-03-01
984,1,2020-08-01
985,1,2020-01-01
986,1,2020-03-01
987,1,2020-04-01
988,1,2020-03-01
989,1,2020-03-01
990,1,2021-01-01
991,1,2020-07-01
992,1,2020-03-01
993,1,2020-02-01
994,1,2020-11-01
995,1,2020-01-01
996,1,2020-05-01
997,1,2020-03-01
998,1,2020-03-01
999,1,2020-02-01
1000,1,2020-04-01
1001,1,2020-06-01
1002,1,2020-08-01
1003,1,2020-02-01
1004,1,2020-04-01
1005,1,2020-03-01
1006,1,2020-10-01
1007,1,2020-04-01
1008,1,2020-01-01
1009,1,2020-01-01
1010,1,2020-02-01
1011,1,2020-01-01
1012,1,2020-04-01
1013,1,2020-03-01
1014,1,2020-01-01
1015,1,2020-05-01
1016,1,2020-05-01
1017,1,2020-03-01
1018,1,2020-03-01
1019,1,2020-01-01
1020,1,2020-02-01
1021,1,2020-07-01
1022,1,2020-06-01
1023,1,2020-03-01
1024,1,2020-04-01
1025,1,2020-10-01
1026,1,2020-04-01
1027,1,2020-02-01
1028,1,2020-02-01
1029,1,2020-05-01
1030,1,2020-07-01
1031,1,2020-02-01
1032,1,2020-01-01
1033,1,2020-01-01
1034,1,2020-01-01
1035,1,2020-02-01
1036,1,2020-02-01
1037,1,2020-02-01
1038,1,2020-03-01
1039,1,2020-02-01
1040,1,2020-02-01
1041,1,2020-02-01
1042,1,2020-12-01
1043,1,2020-02-01
1044,1,2020-09-01
1045,1,2020-03-01
1046,1,2020-04-01
1047,1,2020-06-01
1048,1,2020-04-01
1049,1,2020-02-01
1050,1,2020-03-01
1051,1,2020-03-01
1052,1,2020-03-01
1053,1,2020-05-01
1054,1,2021-01-01
1055,1,2020-08-01
1056,1,2020-05-01
1057,1,2020-03-01
1058,1,2020-02-01
1059,1,2020-03-01
1060,1,2020-01-01
1061,1,2020-05-01
1062,1,2020-06-01
1063,1,2020-08-01
1064,1,2020-05-01
1065,1,2020-03-01
1066,1,2020-02-01
1067,1,2020-11-01
1068,1,2020-02-01
1069,1,2020-02-01
1070,1,2020-06-01
1071,1,2020-07-01
1072,1,2020-02-01
1073,1,2020-01-01
1074,1,2020-01-01
1075,1,2020-04-01
1076,1,2020-01-01
1077,1,2020-01-01
1078,1,2020-10-01
1079,1,2020-05-01
1080,1,2020-05-01
1081,1,2020-06-01
1082,1,2020-02-01
1083,1,2020-04-01
1084,1,2020-03-01
1085,1,2020-03-01
1086,1,2020-02-01
1087,1,2020-04-01
1088,1,2020-05-01
1089,1,2020-02-01
1090,1,2020-07-01
1091,1,2020-05-01
1092,1,2020-01-01
1093,1,2020-01-01
1094,1,2020-01-01
1095,1,2020-04-01
1096,1,2020-06-01
1097,1,2020-03-01
1098,1,2020-07-01
1099,1,2020-05-01
1100,1,2020-02-01
1101,1,2020-01-01
1102,1,2020-02-01
1103,1,2020-05-01
1104,1,2020-06-01
1105,1,2020-01-01
1106,1,2020-10-01
1107,1,2020-01-01
1108,1,2020-02-01
1109,1,2020-04-01
1110,1,2020-02-01
1111,1,2020-02-01
1112,1,2020-02-01
1113,1,2020-05-01
1114,1,2020-02-01
1115,1,2020-06-01
1116,1,2020-05-01
1117,1,2020-01-01
1118,1,2020-02-01
1119,1,2020-04-01
1120,1,2020-06-01
1121,1,2020-04-01
1122,1,2020-04-01
1123,1,2020-03-01
1124,1,2020-02-01
1125,1,2020-02-01
1126,1,2020-05-01
1127,1,2020-02-01
1128,1,2020-04-01
1129,1,2020-09-01
1130,1,2020-04-01
1131,1,2020-09-01
1132,1,2020-01-01
1133,1,2020-01-01
1134,1,2020-03-01
1135,1,2020-05-01
1136,1,2020-05-01
1137,1,2020-01-01
1138,1,2020-03-01
1139,1,2020-06-01
1140,1,2020-05-01
1141,1,2020-01-01
1142,1,2020-05-01
1143,1,2020-02-01
1144,1,2020-06-01
1145,1,2020-02-01
1146,1,2020-04-01
1147,1,2020-02-01
1148,1,2020-01-01
1149,1,2020-04-01
1150,1,2020-08-01
1151,1,2020-05-01
1152,1,2020-03-01
1153,1,2020-03-01
1154,1,2020-01-01
1155,1,2020-01-01
1156,1,2020-01-01
1157,1,2020-01-01
1158,1,2020-10-01
1159,1,2020-01-01
1160,1,2020-10-01
1161,1,2020-04-01
1162,1,2020-01-01
1163,1,2020-03-01
1164,1,2020-03-01
1165,1,2020-03-01
1166,1,2020-01-01
1167,1,2020-10-01
1168,1,2020-07-01
1169,1,2020-01-01
1170,1,2020-08-01
1171,1,2020-02-01
1172,1,2020-02-01
1173,1,2020-07-01
1174,1,2020-04-01
1175,1,2020-02-01
1176,1,2020-01-01
1177,1,2020-03-01
1178,1,2020-08-01
1179,1,2020-01-01
1180,1,2020-09-01
1181,1,2020-06-01
1182,1,2020-02-01
1183,1,2020-03-01
1184,1,2020-01-01
1185,1,2020-02-01
1186,1,2020-04-01
1187,1,2020-01-01
1188,1,2020-07-01
1189,1,2020-02-01
1190,1,2020-01-01
1191,1,2020-02-01
1192,1,2020-04-01
1193,1,2020-11-01
1194,1,2020-01-01
1195,1,2020-08-01
1196,1,2020-04-01
1197,1,2020-01-01
1198,1,2020-05-01
1199,1,2020-10-01
1200,1,2020-02-01
1201,1,2020-01-01
1202,1,2020-02-01
1203,1,2020-03-01
1204,1,2020-04-01
1205,1,2020-01-01
1206,1,2020-02-01
1207,1,2020-02-01
1208,1,2020-12-01
1209,1,2020-02-01
1210,1,2020-02-01
1211,1,2020-03-01
1212,1,2020-01-01
1213,1,2020-06-01
1214,1,2020-02-01
1215,1,2020-06-01
1216,1,2020-10-01
1217,1,2020-06-01
1218,1,2020-04-01
1219,1,2020-03-01
1220,1,2020-03-01
1221,1,2020-10-01
1222,1,2020-02-01
1223,1,2020-01-01
1224,1,2020-01-01
1225,1,2020-02-01
1226,1,2020-02-01
1227,1,2020-01-01
1228,1,2020-01-01
1229,1,2020-01-01
1230,1,2020-08-01
1231,1,2020-05-01
1232,1,2020-12-01
1233,1,2020-04-01
1234,1,2020-02-01
1235,1,2020-11-01
1236,1,2020-11-01
1237,1,2020-06-01
1238,1,2020-05-01
1239,1,2020-04-01
1240,1,2020-04-01
1241,1,2020-01-01
1242,1,2020-02-01
1243,1,2020-04-01
1244,1,2020-01-01
1245,1,2020-02-01
1246,1,2020-12-01
1247,1,2021-03-01
1248,1,2020-02-01
1249,1,2020-02-01
1250,1,2020-04-01
1251,1,2020-03-01
1252,1,2020-04-01
1253,1,2020-02-01
1254,1,2021-01-01
1255,1,2020-05-01
1256,1,2020-08-01
1257,1,2020-01-01
1258,1,2020-02-01
1259,1,2020-03-01
1260,1,2021-02-01
1261,1,2020-08-01
1262,1,2020-03-01
1263,1,2020-02-01
1264,1,2020-02-01
1265,1,2020-08-01
1266,1,2020-04-01
1267,1,2020-01-01
1268,1,2020-01-01
1269,1,2020-01-01
1270,1,2020-03-01
1271,1,2020-03-01
1272,1,2020-06-01
1273,1,2020-05-01
1274,1,2020-03-01
1275,1,2020-06-01
1276,1,2020-01-01
1277,1,2020-10-01
1278,1,2020-01-01
1279,1,2020-01-01
1280,1,2020-05-01
1281,1,2020-01-01
1282,1,2020-02-01
1283,1,2020-01-01
1284,1,2020-10-01
1285,1,2020-06-01
1286,1,2020-07-01
1287,1,2020-03-01
1288,1,2020-07-01
1289,1,2020-06-01
1290,1,2020-11-01
1291,1,2020-02-01
1292,1,2020-05-01
1293,1,2020-08-01
1294,1,2020-03-01
1295,1,2020-05-01
1296,1,2020-06-01
1297,1,2020-04-01
1298,1,2020-02-01
1299,1,2020-01-01
1300,1,2020-03-01
1301,1,2020-02-01
1302,1,2020-12-01
1303,1,2020-02-01
1304,1,2020-10-01
1305,1,2020-06-01
1306,1,2020-03-01
1307,1,2020-03-01
1308,1,2020-06-01
1309,1,2020-01-01
1310,1,2020-04-01
1311,1,2020-05-01
1312,1,2020-08-01
1313,1,2021-03-01
1314,1,2020-01-01
1315,1,2020-04-01
1316,1,2020-01-01
1317,1,2020-04-01
1318,1,2020-06-01
1319,1,2020-03-01
1320,1,2020-02-01
1321,1,2020-01-01
1322,1,2020-04-01
1323,1,2020-02-01
1324,1,2020-04-01
1325,1,2020-04-01
1326,1,2020-04-01
1327,1,2020-07-01
1328,1,2020-01-01
1329,1,2020-04-01
1330,1,2020-10-01
1331,1,2020-06-01
1332,1,2020-04-01
1333,1,2020-02-01
1334,1,2020-02-01
1335,1,2020-04-01
1336,1,2020-02-01
1337,1,2020-04-01
1338,1,2020-05-01
1339,1,2020-02-01
1340,1,2020-03-01
1341,1,2020-02-01
1342,1,2020-02-01
1343,1,2020-03-01
1344,1,2020-10-01
1345,1,2020-08-01
1346,1,2020-01-01
1347,1,2020-04-01
1348,1,2020-02-01
1349,1,2020-07-01
1350,1,2020-04-01
1351,1,2020-03-01
1352,1,2020-03-01
1353,1,2020-05-01
1354,1,2020-12-01
1355,1,2020-05-01
1356,1,2020-08-01
1357,1,2020-06-01
1358,1,2020-02-01
1359,1,2020-04-01
1360,1,2020-05-01
1361,1,2020-02-01
1362,1,2020-02-01
1363,1,2020-04-01
1364,1,2020-01-01
1365,1,2020-03-01
1366,1,2020-05-01
1367,1,2020-01-01
1368,1,2020-04-01
1369,1,2020-06-01
1370,1,2021-09-01
1371,1,2020-06-01
1372,1,2020-01-01
1373,1,2020-03-01
1374,1,2020-02-01
1375,1,2020-05-01
1376,1,2020-02-01
1377,1,2020-03-01
1378,1,2020-02-01
1379,1,2020-05-01
1380,1,2020-03-01
1381,1,2020-01-01
1382,1,2020-01-01
1383,1,2020-10-01
1384,1,2020-03-01
1385,1,2020-04-01
1386,1,2020-05-01
1387,1,2020-02-01
1388,1,2020-01-01
1389,1,2020-03-01
1390,1,2020-01-01
1391,1,2020-02-01
1392,1,2020-06-01
1393,1,2020-04-01
1394,1,2020-04-01
1395,1,2020-02-01
1396,1,2020-04-01
1397,1,2020-03-01
1398,1,2020-06-01
1399,1,2020-02-01
1400,1,2020-02-01
1401,1,2020-04-01
1402,1,2020-08-01
1403,1,2020-02-01
1404,1,2020-03-01
1405,1,2020-05-01
1406,1,2020-07-01
1407,1,2020-08-01
1408,1,2020-06-01
1409,1,2020-07-01
1410,1,2020-02-01
1411,1,2020-04-01
1412,1,2020-04-01
1413,1,2020-01-01
1414,1,2020-03-01
1415,1,2020-05-01
1416,1,2020-04-01
1417,1,2021-01-01
1418,1,2020-04-01
1419,1,2020-01-01
1420,1,2020-03-01
1421,1,2020-03-01
1422,1,2020-02-01
1423,1,2020-04-01
1424,1,2020-04-01
1425,1,2020-10-01
1426,1,2020-03-01
1427,1,2020-01-01
1428,1,2020-06-01
1429,1,2020-03-01
1430,1,2020-04-01
1431,1,2020-02-01
1432,1,2020-03-01
1433,1,2020-03-01
1434,1,2020-02-01
1435,1,2020-01-01
1436,1,2020-01-01
1437,1,2020-06-01
1438,1,2020-02-01
1439,1,2020-02-01
1440,1,2020-10-01
1441,1,2021-02-01
1442,1,2020-02-01
1443,1,2020-09-01
1444,1,2020-05-01
1445,1,2020-03-01
1446,1,2020-03-01
1447,1,2020-04-01
1448,1,2020-06-01
1449,1,2020-03-01
1450,1,2020-01-01
1451,1,2020-02-01
1452,1,2020-05-01
1453,1,2020-09-01
1454,1,2020-03-01
1455,1,2020-01-01
1456,1,2020-07-01
1457,1,2020-02-01
1458,1,2020-02-01
1459,1,2020-07-01
1460,1,2020-03-01
1461,1,2020-01-01
1462,1,2021-02-01
1463,1,2020-02-01
1464,1,2020-06-01
1465,1,2020-01-01
1466,1,2020-05-01
1467,1,2020-01-01
1468,1,2020-04-01
1469,1,2020-01-01
1470,1,2020-02-01
1471,1,2020-03-01
1472,1,2020-01-01
1473,1,2020-04-01
1474,1,2020-01-01
1475,1,2020-01-01
1476,1,2020-05-01
1477,1,2020-06-01
1478,1,2020-03-01
1479,1,2020-02-01
1480,1,2020-06-01
1481,1,2020-01-01
1482,1,2020-02-01
1483,1,2020-04-01
1484,1,2020-01-01
1485,1,2020-02-01
1486,1,2020-04-01
1487,1,2020-01-01
1488,1,2020-03-01
1489,1,2020-03-01
1490,1,2020-02-01
1491,1,2020-06-01
1492,1,2020-04-01
1493,1,2020-04-01
1494,1,2020-01-01
1495,1,2020-01-01
1496,1,2020-01-01
1497,1,2020-01-01
1498,1,2020-05-01
1499,1,2020-11-01
1500,1,2020-04-01
1501,1,2020-05-01
1502,1,2020-01-01
1503,1,2020-02-01
1504,1,2020-01-01
1505,1,2020-04-01
1506,1,2020-02-01
1507,1,2020-01-01
1508,1,2020-05-01
1509,1,2020-01-01
1510,1,2020-05-01
1511,1,2020-01-01
1512,1,2020-04-01
1513,1,2020-03-01
1514,1,2020-01-01
1515,1,2020-03-01
1516,1,2020-01-01
1517,1,2020-03-01
1518,1,2020-02-01
1519,1,2020-03-01
1520,1,2020-11-01
1521,1,2020-06-01
1522,1,2020-03-01
1523,1,2020-02-01
1524,1,2020-05-01
1525,1,2020-04-01
1526,1,2020-04-01
1527,1,2020-02-01
1528,1,2020-01-01
1529,1,2020-01-01
1530,1,2020-01-01
1531,1,2020-03-01
1532,1,2020-07-01
1533,1,2020-04-01
1534,1,2020-03-01
1535,1,2020-02-01
1536,1,2020-02-01
1537,1,2020-05-01
1538,1,2020-09-01
1539,1,2020-02-01
1540,1,2020-02-01
1541,1,2020-02-01
1542,1,2020-02-01
1543,1,2020-06-01
1544,1,2020-06-01
1545,1,2020-04-01
1546,1,2020-06-01
1547,1,2020-03-01
1548,1,2020-04-01
1549,1,2021-02-01
1550,1,2020-01-01
1551,1,2020-06-01
1552,1,2020-04-01
1553,1,2020-02-01
1554,1,2020-04-01
1555,1,2020-02-01
1556,1,2020-04-01
1557,1,2020-04-01
1558,1,2020-01-01
1559,1,2020-06-01
1560,1,2020-03-01
1561,1,2020-07-01
1562,1,2020-06-01
1563,1,2020-05-01
1564,1,2020-02-01
1565,1,2020-01-01
1566,1,2020-07-01
1567,1,2020-03-01
1568,1,2020-06-01
1569,1,2020-01-01
1570,1,2020-02-01
1571,1,2020-08-01
1572,1,2020-04-01
1573,1,2020-06-01
1574,1,2020-11-01
1575,1,2020-04-01
1576,1,2020-04-01
1577,1,2020-01-01
1578,1,2020-01-01
1579,1,2020-05-01
1580,1,2020-02-01
1581,1,2020-06-01
1582,1,2020-01-01
1583,1,2020-01-01
1584,1,2020-03-01
1585,1,2020-05-01
1586,1,2020-01-01
1587,1,2020-01-01
1588,1,2020-03-01
1589,1,2020-01-01
1590,1,2020-06-01
1591,1,2020-05-01
1592,1,2020-08-01
1593,1,2020-09-01
1594,1,2020-06-01
1595,1,2020-01-01
1596,1,2020-05-01
1597,1,2020-02-01
1598,1,2020-06-01
1599,1,2020-01-01
1600,1,2020-03-01
1601,1,2020-11-01
1602,1,2020-04-01
1603,1,2020-01-01
1604,1,2020-02-01
1605,1,2020-02-01
1606,1,2020-11-01
1607,1,2020-03-01
1608,1,2020-01-01
1609,1,2020-02-01
1610,1,2020-04-01
1611,1,2020-03-01
1612,1,2020-06-01
1613,1,2020-01-01
1614,1,2020-01-01
1615,1,2020-01-01
1616,1,2020-01-01
1617,1,2020-07-01
1618,1,2020-04-01
1619,1,2020-02-01
1620,1,2020-07-01
1621,1,2020-05-01
1622,1,2020-07-01
1623,1,2020-05-01
1624,1,2020-09-01
1625,1,2020-05-01
1626,1,2020-07-01
1627,1,2020-04-01
1628,1,2020-09-01
1629,1,2020-02-01
1630,1,2020-03-01
1631,1,2020-01-01
1632,1,2020-07-01
1633,1,2020-01-01
1634,1,2020-04-01
1635,1,2020-04-01
1636,1,2020-02-01
1637,1,2020-01-01
1638,1,2020-04-01
1639,1,2020-05-01
1640,1,2020-04-01
1641,1,2020-05-01
1642,1,2020-05-01
1643,1,2020-04-01
1644,1,2020-05-01
1645,1,2020-01-01
1646,1,2020-11-01
1647,1,2020-01-01
1648,1,2020-04-01
1649,1,2020-02-01
1650,1,2020-04-01
1651,1,2020-01-01
1652,1,2020-03-01
1653,1,2020-12-01
1654,1,2020-06-01
1655,1,2020-01-01
1656,1,2020-03-01
1657,1,2020-03-01
1658,1,2020-08-01
1659,1,2020-04-01
1660,1,2020-04-01
1661,1,2020-03-01
1662,1,2020-01-01
1663,1,2020-05-01
1664,1,2020-05-01
1665,1,2020-02-01
1666,1,2021-05-01
1667,1,2020-05-01
1668,1,2021-02-01
1669,1,2020-02-01
1670,1,2020-03-01
1671,1,2020-01-01
1672,1,2020-01-01
1673,1,2020-04-01
1674,1,2020-06-01
1675,1,2020-01-01
1676,1,2020-01-01
1677,1,2020-01-01
1678,1,2020-02-01
1679,1,2020-04-01
1680,1,2020-02-01
1681,1,2020-09-01
1682,1,2020-03-01
1683,1,2020-06-01
1684,1,2020-06-01
1685,1,2020-01-01
1686,1,2020-04-01
1687,1,2020-08-01
1688,1,2020-02-01
1689,1,2020-06-01
1690,1,2020-07-01
1691,1,2020-04-01
1692,1,2021-02-01
1693,1,2020-06-01
1694,1,2020-07-01
1695,1,2020-07-01
1696,1,2020-07-01
1697,1,2020-04-01
1698,1,2020-02-01
1699,1,2020-01-01
1700,1,2020-03-01
1701,1,2020-02-01
1702,1,2020-01-01
1703,1,2020-03-01
1704,1,2020-01-01
1705,1,2020-04-01
1706,1,2020-01-01
1707,1,2020-04-01
1708,1,2020-03-01
1709,1,2020-02-01
1710,1,2020-01-01
1711,1,2020-04-01
1712,1,2020-05-01
1713,1,2020-03-01
1714,1,2020-03-01
1715,1,2020-01-01
1716,1,2020-09-01
1717,1,2020-01-01
1718,1,2020-01-01
1719,1,2020-01-01
1720,1,2020-03-01
1721,1,2020-02-01
1722,1,2020-03-01
1723,1,2020-06-01
1724,1,2020-02-01
1725,1,2020-02-01
1726,1,2020-12-01
1727,1,2020-06-01
1728,1,2020-02-01
1729,1,2020-04-01
1730,1,2020-02-01
1731,1,2020-02-01
1732,1,2021-05-01
1733,1,2020-01-01
1734,1,2020-01-01
1735,1,2020-02-01
1736,1,2020-02-01
1737,1,2020-02-01
1738,1,2020-02-01
1739,1,2020-06-01
1740,1,2020-06-01
1741,1,2020-04-01
1742,1,2020-05-01
1743,1,2021-01-01
1744,1,2020-06-01
1745,1,2020-04-01
1746,1,2020-05-01
1747,1,2020-01-01
1748,1,2020-04-01
1749,1,2020-05-01
1750,1,2020-03-01
1751,1,2020-09-01
1752,1,2020-07-01
1753,1,2020-06-01
1754,1,2020-06-01
1755,1,2020-05-01
1756,1,2020-02-01
1757,1,2020-02-01
1758,1,2020-01-01
1759,1,2020-12-01
1760,1,2020-02-01
1761,1,2021-08-01
1762,1,2020-02-01
1763,1,2020-05-01
1764,1,2020-06-01
1765,1,2020-02-01
1766,1,2020-02-01
1767,1,2020-04-01
1768,1,2020-04-01
1769,1,2020-09-01
1770,1,2020-05-01
1771,1,2020-02-01
1772,1,2020-09-01
1773,1,2020-02-01
1774,1,2020-02-01
1775,1,2020-01-01
1776,1,2020-01-01
1777,1,2020-05-01
1778,1,2020-05-01
1779,1,2020-04-01
1780,1,2020-04-01
1781,1,2020-06-01
1782,1,2020-05-01
1783,1,2020-08-01
1784,1,2020-03-01
1785,1,2020-03-01
1786,1,2020-06-01
1787,1,2020-05-01
1788,1,2020-01-01
1789,1,2020-04-01
1790,1,2020-05-01
1791,1,2020-02-01
1792,1,2020-02-01
1793,1,2020-01-01
1794,1,2020-02-01
1795,1,2020-05-01
1796,1,2020-02-01
1797,1,2020-04-01
1798,1,2020-03-01
1799,1,2020-05-01
1800,1,2020-04-01
1801,1,2020-04-01
1802,1,2020-06-01
1803,1,2020-01-01
1804,1,2020-08-01
1805,1,2020-01-01
1806,1,2020-04-01
1807,1,2020-06-01
1808,1,2020-01-01
1809,1,2020-01-01
1810,1,2020-01-01
1811,1,2020-01-01
1812,1,2020-03-01
1813,1,2020-05-01
1814,1,2020-05-01
1815,1,2020-04-01
1816,1,2020-03-01
1817,1,2020-04-01
1818,1,2020-01-01
1819,1,2020-11-01
1820,1,2020-06-01
1821,1,2020-04-01
1822,1,2020-05-01
1823,1,2020-04-01
1824,1,2020-04-01
1825,1,2020-03-01
1826,1,2020-01-01
1827,1,2020-10-01
1828,1,2020-10-01
1829,1,2020-06-01
1830,1,2020-03-01
1831,1,2020-11-01
1832,1,2020-03-01
1833,1,2020-03-01
1834,1,2020-05-01
1835,1,2020-03-01
1836,1,2020-03-01
1837,1,2020-05-01
1838,1,2020-08-01
1839,1,2020-02-01
1840,1,2020-01-01
1841,1,2020-04-01
1842,1,2020-09-01
1843,1,2020-04-01
1844,1,2020-03-01
1845,1,2020-01-01
1846,1,2020-05-01
1847,1,2020-02-01
1848,1,2020-02-01
1849,1,2020-05-01
1850,1,2020-01-01
1851,1,2020-01-01
1852,1,2020-01-01
1853,1,2020-01-01
1854,1,2020-05-01
1855,1,2020-07-01
1856,1,2020-02-01
1857,1,2020-02-01
1858,1,2020-02-01
1859,1,2020-03-01
1860,1,2020-10-01
1861,1,2020-03-01
1862,1,2020-05-01
1863,1,2020-06-01
1864,1,2020-03-01
1865,1,2020-01-01
1866,1,2020-03-01
1867,1,2020-06-01
1868,1,2021-02-01
1869,1,2020-01-01
1870,1,2020-01-01
1871,1,2020-03-01
1872,1,2020-01-01
1873,1,2020-01-01
1874,1,2020-08-01
1875,1,2020-01-01
1876,1,2020-05-01
1877,1,2020-03-01
1878,1,2020-03-01
1879,1,2020-05-01
1880,1,2020-03-01
1881,1,2020-03-01
1882,1,2020-05-01
1883,1,2020-09-01
1884,1,2020-01-01
1885,1,2020-02-01
1886,1,2020-03-01
1887,1,2020-02-01
1888,1,2020-03-01
1889,1,2020-05-01
1890,1,2020-02-01
1891,1,2020-07-01
1892,1,2020-05-01
1893,1,2020-03-01
1894,1,2020-02-01
1895,1,2020-06-01
1896,1,2020-04-01
1897,1,2020-03-01
1898,1,2020-05-01
1899,1,2020-02-01
1900,1,2020-10-01
1901,1,2020-01-01
1902,1,2020-08-01
1903,1,2020-05-01
1904,1,2020-04-01
1905,1,2020-01-01
1906,1,2020-11-01
1907,1,2020-04-01
1908,1,2020-01-01
1909,1,2020-02-01
1910,1,2020-04-01
1911,1,2020-02-01
1912,1,2020-02-01
1913,1,2020-01-01
1914,1,2020-03-01
1915,1,2020-02-01
1916,1,2020-04-01
1917,1,2020-03-01
1918,1,2020-11-01
1919,1,2020-04-01
1920,1,2020-04-01
1921,1,2020-01-01
1922,1,2020-03-01
1923,1,2020-07-01
1924,1,2020-03-01
1925,1,2020-03-01
1926,1,2020-06-01
1927,1,2020-05-01
1928,1,2020-03-01
1929,1,2020-04-01
1930,1,2020-03-01
1931,1,2020-01-01
1932,1,2020-02-01
1933,1,2020-03-01
1934,1,2020-01-01
1935,1,2020-02-01
1936,1,2020-06-01
1937,1,2020-02-01
1938,1,2020-04-01
1939,1,2020-05-01
1940,1,2020-05-01
1941,1,2020-03-01
1942,1,2020-04-01
1943,1,2020-04-01
1944,1,2020-03-01
1945,1,2020-01-01
1946,1,2020-08-01
1947,1,2020-01-01
1948,1,2020-05-01
1949,1,2020-04-01
1950,1,2020-01-01
1951,1,2020-04-01
1952,1,2021-01-01
1953,1,2020-01-01
1954,1,2020-02-01
1955,1,2020-04-01
1956,1,2020-03-01
1957,1,2020-01-01
1958,1,2020-03-01
1959,1,2020-05-01
1960,1,2020-04-01
1961,1,2020-01-01
1962,1,2020-05-01
1963,1,2020-02-01
1964,1,2020-09-01
1965,1,2020-05-01
1966,1,2020-03-01
1967,1,2020-03-01
1968,1,2020-04-01
1969,1,2020-02-01
1970,1,2020-01-01
1971,1,2020-03-01
1972,1,2020-03-01
1973,1,2020-04-01
1974,1,2020-03-01
1975,1,2020-03-01
1976,1,2020-04-01
1977,1,2020-05-01
1978,1,2020-03-01
1979,1,2020-04-01
1980,1,2020-02-01
1981,1,2020-06-01
1982,1,2020-01-01
1983,1,2020-04-01
1984,1,2020-01-01
1985,1,2020-05-01
1986,1,2020-02-01
1987,1,2020-09-01
1988,1,2020-02-01
1989,1,2020-03-01
1990,1,2020-02-01
1991,1,2021-01-01
1992,1,2020-03-01
1993,1,2020-02-01
1994,1,2020-01-01
1995,1,2020-04-01
1996,1,2020-03-01
1997,1,2020-04-01
1998,1,2020-02-01
1999,1,2020-07-01
2000,1,2021-02-01
2001,1,2020-01-01
2002,1,2021-02-01
2003,1,2020-03-01
2004,1,2020-04-01
2005,1,2021-02-01
2006,1,2020-10-01
2007,1,2020-04-01
2008,1,2020-01-01
2009,1,2020-02-01
2010,1,2020-04-01
2011,1,2020-11-01
2012,1,2020-04-01
2013,1,2020-03-01
2014,1,2020-03-01
2015,1,2020-06-01
2016,1,2020-02-01
2017,1,2020-01-01
2018,1,2020-01-01
2019,1,2020-01-01
2020,1,2020-05-01
2021,1,2020-02-01
2022,1,2020-04-01
2023,1,2020-01-01
2024,1,2020-10-01
2025,1,2020-04-01
2026,1,2020-04-01
2027,1,2020-07-01
2028,1,2020-03-01
2029,1,2020-01-01
2030,1,2020-08-01
2031,1,2021-02-01
2032,1,2020-11-01
2033,1,2020-02-01
2034,1,2020-02-01
2035,1,2020-03-01
2036,1,2020-06-01
2037,1,2020-02-01
2038,1,2020-08-01
2039,1,2020-01-01
2040,1,2020-02-01
2041,1,2020-01-01
2042,1,2020-10-01
2043,1,2020-02-01
2044,1,2020-04-01
2045,1,2020-05-01
2046,1,2020-04-01
2047,1,2020-01-01
2048,1,2020-01-01
2049,1,2020-07-01
2050,1,2020-07-01
2051,1,2020-01-01
2052,1,2020-03-01
2053,1,2020-06-01
2054,1,2020-03-01
2055,1,2020-09-01
2056,1,2020-01-01
2057,1,2020-05-01
2058,1,2020-07-01
2059,1,2020-02-01
2060,1,2020-03-01
2061,1,2020-09-01
2062,1,2020-04-01
2063,1,2020-04-01
2064,1,2020-03-01
2065,1,2020-08-01
2066,1,2021-01-01
2067,1,2020-08-01
2068,1,2020-02-01
2069,1,2020-03-01
2070,1,2020-06-01
2071,1,2020-01-01
2072,1,2020-01-01
2073,1,2020-04-01
2074,1,2020-02-01
2075,1,2020-04-01
2076,1,2020-05-01
2077,1,2020-09-01
2078,1,2020-01-01
2079,1,2020-02-01
2080,1,2020-02-01
2081,1,2020-01-01
2082,1,2020-01-01
2083,1,2020-02-01
2084,1,2020-03-01
2085,1,2020-01-01
2086,1,2020-01-01
2087,1,2020-01-01
2088,1,2020-04-01
2089,1,2020-06-01
2090,1,2020-07-01
2091,1,2020-08-01
2092,1,2020-04-01
2093,1,2020-01-01
2094,1,2020-01-01
2095,1,2020-06-01
2096,1,2020-03-01
2097,1,2020-01-01
2098,1,2020-02-01
2099,1,2020-04-01
2100,1,2020-01-01
2101,1,2020-04-01
2102,1,2020-04-01
2103,1,2020-03-01
2104,1,2020-02-01
2105,1,2020-03-01
2106,1,2020-06-01
2107,1,2020-04-01
2108,1,2020-01-01
2109,1,2020-10-01
2110,1,2020-03-01
2111,1,2020-03-01
2112,1,2020-03-01
2113,1,2020-08-01
2114,1,2020-10-01
2115,1,2020-08-01
2116,1,2020-04-01
2117,1,2020-11-01
2118,1,2020-03-01
2119,1,2020-03-01
2120,1,2020-01-01
2121,1,2020-01-01
2122,1,2020-02-01
2123,1,2020-01-01
2124,1,2020-04-01
2125,1,2020-01-01
2126,1,2020-02-01
2127,1,2020-02-01
2128,1,2020-02-01
2129,1,2020-04-01
2130,1,2020-11-01
2131,1,2020-03-01
2132,1,2020-07-01
2133,1,2020-04-01
2134,1,2020-02-01
2135,1,2020-03-01
2136,1,2020-05-01
2137,1,2020-05-01
2138,1,2020-05-01
2139,1,2020-05-01
2140,1,2020-01-01
2141,1,2020-08-01
2142,1,2020-07-01
2143,1,2020-02-01
2144,1,2021-09-01
2145,1,2020-01-01
2146,1,2020-08-01
2147,1,2020-07-01
2148,1,2020-12-01
2149,1,2020-02-01
2150,1,2020-04-01
2151,1,2020-02-01
2152,1,2020-01-01
2153,1,2020-01-01
2154,1,2020-01-01
2155,1,2020-04-01
2156,1,2020-01-01
2157,1,2020-04-01
2158,1,2020-01-01
2159,1,2021-03-01
2160,1,2020-02-01
2161,1,2020-03-01
2162,1,2020-03-01
2163,1,2020-05-01
2164,1,2020-01-01
2165,1,2020-04-01
2166,1,2020-03-01
2167,1,2020-07-01
2168,1,2020-04-01
2169,1,2020-05-01
2170,1,2021-01-01
2171,1,2020-04-01
2172,1,2020-03-01
2173,1,2020-03-01
2174,1,2020-09-01
2175,1,2020-05-01
2176,1,2020-11-01
2177,1,2020-01-01
2178,1,2020-01-01
2179,1,2020-03-01
2180,1,2020-01-01
2181,1,2020-05-01
2182,1,2020-02-01
2183,1,2020-07-01
2184,1,2020-05-01
2185,1,2020-01-01
2186,1,2020-02-01
2187,1,2020-07-01
2188,1,2020-04-01
2189,1,2020-02-01
2190,1,2020-01-01
2191,1,2020-02-01
2192,1,2020-06-01
2193,1,2020-01-01
2194,1,2020-08-01
2195,1,2020-03-01
2196,1,2020-02-01
2197,1,2020-04-01
2198,1,2020-02-01
2199,1,2020-09-01
2200,1,2020-08-01
2201,1,2020-06-01
2202,1,2020-08-01
2203,1,2020-02-01
2204,1,2020-02-01
2205,1,2020-03-01
2206,1,2020-08-01
2207,1,2020-04-01
2208,1,2020-01-01
2209,1,2020-01-01
2210,1,2020-02-01
2211,1,2020-02-01
2212,1,2020-02-01
2213,1,2020-07-01
2214,1,2020-03-01
2215,1,2020-04-01
2216,1,2020-02-01
2217,1,2020-01-01
2218,1,2020-01-01
2219,1,2020-02-01
2220,1,2020-11-01
2221,1,2020-05-01
2222,1,2020-06-01
2223,1,2020-01-01
2224,1,2020-04-01
2225,1,2020-02-01
2226,1,2020-02-01
2227,1,2021-01-01
2228,1,2020-02-01
2229,1,2020-02-01
2230,1,2020-03-01
2231,1,2020-01-01
2232,1,2020-01-01
2233,1,2020-01-01
2234,1,2020-04-01
2235,1,2020-03-01
2236,1,2020-05-01
2237,1,2020-03-01
2238,1,2020-02-01
2239,1,2020-03-01
2240,1,2020-02-01
2241,1,2020-02-01
2242,1,2020-03-01
2243,1,2020-02-01
2244,1,2020-06-01
2245,1,2020-04-01
2246,1,2020-03-01
2247,1,2020-06-01
2248,1,2020-01-01
2249,1,2020-03-01
2250,1,2020-01-01
2251,1,2020-04-01
2252,1,2020-05-01
2253,1,2020-08-01
2254,1,2020-06-01
2255,1,2020-04-01
2256,1,2020-04-01
2257,1,2020-06-01
2258,1,2020-06-01
2259,1,2020-02-01
2260,1,2020-01-01
2261,1,2020-03-01
2262,1,2020-07-01
2263,1,2020-08-01
2264,1,2020-02-01
2265,1,2020-02-01
2266,1,2020-06-01
2267,1,2020-04-01
2268,1,2020-01-01
2269,1,2020-01-01
2270,1,2020-02-01
2271,1,2020-02-01
2272,1,2020-04-01
2273,1,2020-02-01
2274,1,2020-02-01
2275,1,2020-02-01
2276,1,2020-01-01
2277,1,2020-01-01
2278,1,2020-03-01
2279,1,2020-11-01
2280,1,2020-05-01
2281,1,2020-02-01
2282,1,2020-08-01
2283,1,2020-06-01
2284,1,2020-01-01
2285,1,2020-03-01
2286,1,2020-01-01
2287,1,2020-05-01
2288,1,2020-01-01
2289,1,2020-03-01
2290,1,2020-06-01
2291,1,2020-04-01
2292,1,2020-08-01
2293,1,2020-05-01
2294,1,2020-04-01
2295,1,2020-02-01
2296,1,2020-10-01
2297,1,2020-10-01
2298,1,2020-03-01
2299,1,2020-05-01
2300,1,2020-05-01
2301,1,2020-03-01
2302,1,2020-02-01
2303,1,2020-05-01
2304,1,2020-03-01
2305,1,2020-04-01
2306,1,2020-09-01
2307,1,2020-09-01
2308,1,2020-04-01
2309,1,2020-01-01
2310,1,2020-01-01
2311,1,2020-02-01
2312,1,2020-05-01
2313,1,2020-02-01
2314,1,2020-01-01
2315,1,2020-04-01
2316,1,2020-06-01
2317,1,2020-01-01
2318,1,2020-01-01
2319,1,2020-02-01
2320,1,2020-03-01
2321,1,2020-01-01
2322,1,2020-06-01
2323,1,2020-07-01
2324,1,2020-08-01
2325,1,2020-04-01
2326,1,2020-01-01
2327,1,2020-01-01
2328,1,2020-04-01
2329,1,2020-01-01
2330,1,2020-04-01
2331,1,2020-06-01
2332,1,2021-01-01
2333,1,2020-07-01
2334,1,2020-01-01
2335,1,2020-09-01
2336,1,2020-01-01
2337,1,2020-04-01
2338,1,2020-04-01
2339,1,2020-05-01
2340,1,2020-02-01
2341,1,2020-03-01
2342,1,2020-01-01
2343,1,2020-01-01
2344,1,2020-05-01
2345,1,2020-06-01
2346,1,2020-04-01
2347,1,2020-02-01
2348,1,2020-03-01
2349,1,2020-03-01
2350,1,2020-04-01
2351,1,2020-01-01
2352,1,2020-03-01
2353,1,2020-01-01
2354,1,2020-03-01
2355,1,2020-02-01
2356,1,2020-01-01
2357,1,2020-02-01
2358,1,2020-05-01
2359,1,2020-01-01
2360,1,2020-01-01
2361,1,2020-02-01
2362,1,2020-04-01
2363,1,2020-01-01
2364,1,2020-04-01
2365,1,2020-02-01
2366,1,2020-02-01
2367,1,2020-01-01
2368,1,2020-01-01
2369,1,2021-10-01
2370,1,2020-08-01
2371,1,2020-01-01
2372,1,2020-02-01
2373,1,2020-03-01
2374,1,2020-12-01
2375,1,2020-01-01
2376,1,2020-03-01
2377,1,2020-09-01
2378,1,2020-03-01
2379,1,2020-03-01
2380,1,2020-07-01
2381,1,2020-01-01
2382,1,2020-07-01
2383,1,2020-01-01
2384,1,2020-03-01
2385,1,2020-01-01
2386,1,2020-02-01
2387,1,2020-01-01
2388,1,2020-02-01
2389,1,2020-04-01
2390,1,2020-09-01
2391,1,2020-01-01
2392,1,2020-05-01
2393,1,2020-01-01
2394,1,2020-03-01
2395,1,2020-08-01
2396,1,2020-04-01
2397,1,2020-02-01
2398,1,2020-04-01
2399,1,2020-02-01
2400,1,2020-03-01
2401,1,2020-05-01
2402,1,2020-01-01
2403,1,2020-12-01
2404,1,2020-02-01
2405,1,2020-02-01
2406,1,2020-03-01
2407,1,2020-02-01
2408,1,2020-01-01
2409,1,2020-01-01
2410,1,2020-04-01
2411,1,2020-03-01
2412,1,2020-03-01
2413,1,2020-02-01
2414,1,2020-06-01
2415,1,2020-03-01
2416,1,2020-03-01
2417,1,2020-12-01
2418,1,2020-04-01
2419,1,2020-01-01
2420,1,2020-03-01
2421,1,2020-04-01
2422,1,2020-04-01
2423,1,2020-06-01
2424,1,2020-04-01
2425,1,2020-06-01
2426,1,2020-01-01
2427,1,2020-04-01
2428,1,2020-01-01
2429,1,2020-03-01
2430,1,2020-03-01
2431,1,2020-03-01
2432,1,2020-04-01
2433,1,2020-03-01
2434,1,2020-05-01
2435,1,2021-03-01
2436,1,2020-04-01
2437,1,2020-03-01
2438,1,2020-04-01
2439,1,2020-01-01
2440,1,2020-03-01
2441,1,2020-07-01
2442,1,2020-04-01
2443,1,2020-01-01
2444,1,2020-04-01
2445,1,2020-04-01
2446,1,2020-02-01
2447,1,2020-01-01
2448,1,2020-06-01
2449,1,2020-03-01
2450,1,2020-02-01
2451,1,2020-06-01
2452,1,2020-04-01
2453,1,2020-12-01
2454,1,2020-06-01
2455,1,2020-05-01
2456,1,2020-03-01
2457,1,2020-05-01
2458,1,2020-06-01
2459,1,2020-02-01
2460,1,2020-03-01
2461,1,2020-02-01
2462,1,2020-01-01
2463,1,2020-04-01
2464,1,2020-02-01
2465,1,2020-09-01
2466,1,2020-01-01
2467,1,2020-01-01
2468,1,2020-01-01
2469,1,2020-03-01
2470,1,2020-11-01
2471,1,2020-06-01
2472,1,2020-02-01
2473,1,2020-03-01
2474,1,2020-03-01
2475,1,2020-01-01
2476,1,2020-01-01
2477,1,2020-02-01
2478,1,2020-07-01
2479,1,2020-03-01
2480,1,2020-01-01
2481,1,2020-06-01
2482,1,2020-02-01
2483,1,2020-03-01
2484,1,2020-04-01
2485,1,2020-06-01
2486,1,2020-09-01
2487,1,2020-01-01
2488,1,2020-01-01
2489,1,2021-02-01
2490,1,2020-01-01
2491,1,2020-07-01
2492,1,2020-05-01
2493,1,2020-05-01
2494,1,2020-03-01
2495,1,2020-07-01
2496,1,2020-01-01
2497,1,2020-08-01
2498,1,2020-02-01
2499,1,2020-12-01
2500,1,2020-05-01
2501,1,2020-01-01
2502,1,2021-01-01
2503,1,2020-09-01
2504,1,2020-02-01
2505,1,2020-05-01
2506,1,2020-08-01
2507,1,2020-05-01
2508,1,2020-04-01
2509,1,2020-02-01
2510,1,2020-01-01
2511,1,2020-01-01
2512,1,2020-07-01
2513,1,2020-04-01
2514,1,2020-04-01
2515,1,2020-02-01
2516,1,2020-05-01
2517,1,2020-03-01
2518,1,2020-03-01
2519,1,2020-01-01
2520,1,2020-02-01
2521,1,2020-01-01
2522,1,2020-10-01
2523,1,2020-03-01
2524,1,2020-02-01
2525,1,2020-02-01
2526,1,2021-08-01
2527,1,2020-01-01
2528,1,2020-02-01
2529,1,2020-03-01
2530,1,2020-02-01
2531,1,2020-05-01
2532,1,2020-02-01
2533,1,2020-04-01
2534,1,2020-03-01
2535,1,2020-04-01
2536,1,2020-04-01
2537,1,2020-02-01
2538,1,2020-09-01
2539,1,2020-03-01
2540,1,2020-02-01
2541,1,2020-03-01
2542,1,2020-03-01
2543,1,2020-02-01
2544,1,2020-01-01
2545,1,2020-07-01
2546,1,2020-05-01
2547,1,2020-05-01
2548,1,2020-03-01
2549,1,2020-08-01
2550,1,2020-06-01
2551,1,2020-01-01
2552,1,2020-02-01
2553,1,2020-07-01
2554,1,2020-02-01
2555,1,2020-02-01
2556,1,2020-09-01
2557,1,2020-01-01
2558,1,2020-07-01
2559,1,2020-02-01
2560,1,2020-05-01
2561,1,2020-02-01
2562,1,2020-03-01
2563,1,2020-05-01
2564,1,2020-03-01
2565,1,2020-03-01
2566,1,2020-03-01
2567,1,2020-02-01
2568,1,2020-02-01
2569,1,2020-01-01
2570,1,2020-02-01
2571,1,2020-08-01
2572,1,2020-03-01
2573,1,2020-02-01
2574,1,2020-04-01
2575,1,2020-04-01
2576,1,2020-02-01
2577,1,2021-02-01
2578,1,2020-07-01
2579,1,2020-05-01
2580,1,2020-04-01
2581,1,2020-02-01
2582,1,2020-02-01
2583,1,2020-04-01
2584,1,2020-01-01
2585,1,2020-02-01
2586,1,2020-02-01
2587,1,2020-07-01
2588,1,2020-04-01
2589,1,2020-05-01
2590,1,2020-06-01
2591,1,2020-02-01
2592,1,2020-11-01
2593,1,2020-03-01
2594,1,2020-01-01
2595,1,2020-05-01
2596,1,2020-02-01
2597,1,2020-01-01
2598,1,2020-01-01
2599,1,2020-04-01
2600,1,2020-01-01
2601,1,2020-04-01
2602,1,2020-01-01
2603,1,2020-02-01
2604,1,2020-05-01
2605,1,2020-09-01
2606,1,2020-01-01
2607,1,2020-02-01
2608,1,2020-07-01
2609,1,2020-04-01
2610,1,2020-05-01
2611,1,2020-04-01
2612,1,2020-03-01
2613,1,2020-04-01
2614,1,2020-01-01
2615,1,2020-03-01
2616,1,2020-08-01
2617,1,2020-03-01
2618,1,2020-09-01
2619,1,2020-02-01
2620,1,2020-09-01
2621,1,2020-05-01
2622,1,2020-02-01
2623,1,2020-01-01
2624,1,2020-03-01
2625,1,2020-05-01
2626,1,2020-02-01
2627,1,2020-01-01
2628,1,2020-03-01
2629,1,2020-06-01
2630,1,2020-01-01
2631,1,2020-08-01
2632,1,2020-03-01
2633,1,2020-07-01
2634,1,2020-06-01
2635,1,2020-05-01
2636,1,2020-08-01
2637,1,2020-01-01
2638,1,2020-01-01
2639,1,2020-04-01
2640,1,2020-01-01
2641,1,2020-04-01
2642,1,2020-04-01
2643,1,2020-02-01
2644,1,2020-06-01
2645,1,2020-05-01
2646,1,2020-04-01
2647,1,2020-03-01
2648,1,2020-08-01
2649,1,2020-04-01
2650,1,2020-03-01
2651,1,2020-10-01
2652,1,2020-01-01
2653,1,2020-01-01
2654,1,2021-05-01
2655,1,2020-03-01
2656,1,2020-09-01
2657,1,2020-03-01
2658,1,2020-02-01
2659,1,2020-03-01
2660,1,2020-04-01
2661,1,2020-03-01
2662,1,2020-01-01
2663,1,2020-07-01
2664,1,2020-03-01
2665,1,2020-02-01
2666,1,2020-02-01
2667,1,2021-04-01
2668,1,2020-05-01
2669,1,2020-01-01
2670,1,2020-03-01
2671,1,2020-02-01
2672,1,2020-01-01
2673,1,2020-01-01
2674,1,2020-05-01
2675,1,2020-04-01
2676,1,2020-01-01
2677,1,2020-02-01
2678,1,2020-02-01
2679,1,2020-04-01
2680,1,2020-06-01
2681,1,2020-01-01
2682,1,2020-04-01
2683,1,2021-10-01
2684,1,2020-02-01
2685,1,2020-04-01
2686,1,2020-01-01
2687,1,2020-04-01
2688,1,2020-03-01
2689,1,2020-03-01
2690,1,2020-11-01
2691,1,2020-01-01
2692,1,2020-06-01
2693,1,2020-01-01
2694,1,2020-05-01
2695,1,2020-03-01
2696,1,2020-03-01
2697,1,2020-01-01
2698,1,2020-03-01
2699,1,2020-03-01
2700,1,2020-04-01
2701,1,2020-06-01
2702,1,2020-01-01
2703,1,2020-02-01
2704,1,2020-03-01
2705,1,2020-01-01
2706,1,2020-06-01
2707,1,2020-04-01
2708,1,2020-01-01
2709,1,2020-08-01
2710,1,2021-08-01
2711,1,2020-02-01
2712,1,2020-02-01
2713,1,2020-04-01
2714,1,2020-03-01
2715,1,2021-03-01
2716,1,2020-06-01
2717,1,2020-01-01
2718,1,2020-11-01
2719,1,2020-01-01
2720,1,2020-06-01
2721,1,2020-04-01
2722,1,2020-03-01
2723,1,2020-07-01
2724,1,2020-06-01
2725,1,2020-01-01
2726,1,2020-05-01
2727,1,2020-03-01
2728,1,2020-04-01
2729,1,2020-03-01
2730,1,2020-08-01
2731,1,2020-02-01
2732,1,2020-01-01
2733,1,2020-04-01
2734,1,2020-03-01
2735,1,2020-02-01
2736,1,2020-03-01
2737,1,2020-01-01
2738,1,2020-01-01
2739,1,2020-01-01
2740,1,2020-11-01
2741,1,2020-04-01
2742,1,2020-01-01
2743,1,2020-08-01
2744,1,2020-02-01
2745,1,2020-11-01
2746,1,2020-02-01
2747,1,2020-04-01
2748,1,2020-04-01
2749,1,2020-01-01
2750,1,2020-03-01
2751,1,2020-03-01
2752,1,2020-03-01
2753,1,2020-03-01
2754,1,2020-07-01
2755,1,2020-03-01
2756,1,2020-11-01
2757,1,2020-01-01
2758,1,2020-02-01
2759,1,2020-11-01
2760,1,2020-01-01
2761,1,2020-08-01
2762,1,2020-02-01
2763,1,2020-02-01
2764,1,2020-04-01
2765,1,2020-02-01
2766,1,2020-04-01
2767,1,2020-03-01
2768,1,2020-03-01
2769,1,2020-06-01
2770,1,2020-03-01
2771,1,2020-01-01
2772,1,2020-01-01
2773,1,2020-03-01
2774,1,2020-06-01
2775,1,2020-09-01
2776,1,2020-01-01
2777,1,2020-02-01
2778,1,2020-01-01
2779,1,2020-01-01
2780,1,2020-04-01
2781,1,2020-02-01
2782,1,2020-01-01
2783,1,2020-01-01
2784,1,2020-02-01
2785,1,2020-01-01
2786,1,2020-03-01
2787,1,2020-03-01
2788,1,2020-02-01
2789,1,2020-08-01
2790,1,2020-02-01
2791,1,2020-05-01
2792,1,2020-07-01
2793,1,2020-01-01
2794,1,2020-03-01
2795,1,2020-04-01
2796,1,2020-02-01
2797,1,2020-01-01
2798,1,2020-09-01
2799,1,2020-02-01
2800,1,2020-03-01
2801,1,2020-01-01
2802,1,2020-02-01
2803,1,2020-01-01
2804,1,2020-03-01
2805,1,2020-07-01
2806,1,2020-02-01
2807,1,2020-04-01
2808,1,2020-05-01
2809,1,2020-02-01
2810,1,2020-01-01
2811,1,2020-02-01
2812,1,2020-02-01
2813,1,2020-06-01
2814,1,2020-02-01
2815,1,2020-08-01
2816,1,2020-01-01
2817,1,2020-03-01
2818,1,2020-10-01
2819,1,2020-04-01
2820,1,2020-04-01
2821,1,2020-02-01
2822,1,2020-02-01
2823,1,2020-02-01
2824,1,2020-02-01
2825,1,2020-07-01
2826,1,2020-03-01
2827,1,2020-02-01
2828,1,2020-11-01
2829,1,2020-02-01
2830,1,2020-06-01
2831,1,2020-07-01
2832,1,2020-02-01
2833,1,2020-05-01
2834,1,2020-07-01
2835,1,2020-01-01
2836,1,2020-05-01
2837,1,2020-02-01
2838,1,2020-04-01
2839,1,2020-02-01
2840,1,2020-02-01
2841,1,2020-03-01
2842,1,2020-05-01
2843,1,2020-02-01
2844,1,2020-01-01
2845,1,2020-02-01
2846,1,2020-03-01
2847,1,2020-05-01
2848,1,2020-03-01
2849,1,2020-01-01
2850,1,2020-09-01
2851,1,2020-04-01
2852,1,2020-03-01
2853,1,2020-02-01
2854,1,2020-02-01
2855,1,2020-05-01
2856,1,2020-01-01
2857,1,2020-03-01
2858,1,2020-02-01
2859,1,2020-08-01
2860,1,2020-01-01
2861,1,2020-01-01
2862,1,2020-04-01
2863,1,2020-01-01
2864,1,2020-02-01
2865,1,2020-03-01
2866,1,2020-01-01
2867,1,2020-02-01
2868,1,2020-01-01
2869,1,2020-02-01
2870,1,2020-04-01
2871,1,2020-03-01
2872,1,2020-03-01
2873,1,2020-06-01
2874,1,2021-09-01
2875,1,2020-01-01
2876,1,2020-08-01
2877,0,
2878,1,2020-04-01
2879,1,2020-03-01
2880,1,2020-01-01
2881,1,2020-01-01
2882,1,2020-05-01
2883,1,2020-08-01
2884,1,2020-01-01
2885,1,2020-02-01
2886,1,2020-01-01
2887,1,2020-01-01
2888,1,2020-01-01
2889,1,2020-06-01
2890,1,2020-02-01
2891,1,2020-06-01
2892,1,2020-02-01
2893,1,2020-03-01
2894,1,2020-03-01
2895,1,2020-03-01
2896,1,2020-02-01
2897,1,2020-01-01
2898,1,2020-03-01
2899,1,2020-05-01
2900,1,2020-05-01
2901,1,2020-07-01
2902,1,2020-09-01
2903,1,2020-05-01
2904,1,2020-03-01
2905,1,2021-05-01
2906,1,2020-03-01
2907,1,2020-02-01
2908,1,2020-10-01
2909,1,2020-10-01
2910,1,2020-02-01
2911,1,2020-02-01
2912,1,2020-05-01
2913,1,2020-04-01
2914,1,2021-06-01
2915,1,2020-02-01
2916,1,2020-03-01
2917,1,2020-04-01
2918,1,2020-01-01
2919,1,2020-09-01
2920,1,2020-01-01
2921,1,2020-04-01
2922,1,2020-06-01
2923,1,2020-05-01
2924,1,2020-03-01
2925,1,2020-02-01
2926,1,2020-02-01
2927,1,2020-06-01
2928,1,2020-04-01
2929,1,2020-02-01
2930,1,2020-01-01
2931,1,2020-05-01
2932,1,2020-03-01
2933,1,2020-01-01
2934,1,2020-02-01
2935,1,2020-07-01
2936,1,2020-04-01
2937,1,2020-04-01
2938,1,2020-03-01
2939,1,2020-04-01
2940,1,2020-07-01
2941,1,2020-01-01
2942,1,2020-02-01
2943,1,2020-02-01
2944,1,2020-02-01
2945,1,2021-01-01
2946,1,2020-06-01
2947,1,2020-04-01
2948,1,2020-02-01
2949,1,2020-07-01
2950,1,2020-03-01
2951,1,2020-11-01
2952,1,2020-03-01
2953,1,2020-09-01
2954,1,2020-08-01
2955,1,2020-05-01
2956,1,2020-02-01
2957,1,2020-04-01
2958,1,2020-02-01
2959,1,2020-02-01
2960,1,2020-07-01
2961,1,2020-02-01
2962,1,2020-03-01
2963,1,2020-07-01
2964,1,2020-04-01
2965,1,2020-04-01
2966,1,2020-03-01
2967,1,2020-04-01
2968,1,2020-10-01
2969,1,2020-02-01
2970,1,2020-02-01
2971,1,2020-03-01
2972,1,2020-01-01
2973,1,2020-03-01
2974,1,2020-06-01
2975,1,2021-01-01
2976,1,2020-03-01
2977,1,2020-04-01
2978,1,2020-04-01
2979,1,2020-01-01
2980,1,2020-03-01
2981,1,2020-02-01
2982,1,2020-02-01
2983,1,2020-02-01
2984,1,2020-01-01
2985,1,2020-01-01
2986,1,2020-02-01
2987,1,2020-02-01
2988,1,2020-10-01
2989,1,2020-03-01
2990,1,2020-04-01
2991,1,2020-04-01
2992,1,2020-02-01
2993,1,2020-11-01
2994,1,2020-04-01
2995,1,2020-05-01
2996,1,2020-03-01
2997,1,2020-04-01
2998,1,2020-05-01
2999,1,2020-03-01
3000,1,2020-03-01
3001,1,2020-02-01
3002,1,2020-07-01
3003,1,2020-04-01
3004,1,2020-02-01
3005,1,2020-03-01
3006,1,2021-03-01
3007,1,2020-01-01
3008,1,2020-03-01
3009,1,2020-05-01
3010,1,2020-01-01
3011,1,2020-02-01
3012,1,2020-03-01
3013,1,2020-02-01
3014,1,2020-02-01
3015,1,2020-03-01
3016,1,2020-01-01
3017,1,2020-04-01
3018,1,2020-07-01
3019,1,2020-01-01
3020,1,2020-03-01
3021,1,2020-07-01
3022,1,2020-02-01
3023,1,2020-04-01
3024,1,2020-03-01
3025,1,2020-03-01
3026,1,2020-04-01
3027,1,2020-11-01
3028,1,2020-03-01
3029,1,2020-02-01
3030,1,2020-03-01
3031,1,2020-07-01
3032,1,2020-04-01
3033,1,2021-02-01
3034,1,2020-03-01
3035,1,2020-05-01
3036,1,2020-06-01
3037,1,2020-03-01
3038,1,2020-03-01
3039,1,2020-11-01
3040,1,2020-06-01
3041,1,2020-08-01
3042,1,2020-06-01
3043,1,2020-12-01
3044,1,2020-01-01
3045,1,2020-01-01
3046,1,2020-02-01
3047,1,2020-04-01
3048,1,2020-03-01
3049,1,2021-04-01
3050,1,2020-02-01
3051,1,2020-02-01
3052,1,2020-04-01
3053,1,2020-01-01
3054,1,2020-04-01
3055,1,2020-06-01
3056,1,2020-09-01
3057,1,2020-03-01
3058,1,2020-04-01
3059,1,2020-03-01
3060,1,2020-05-01
3061,1,2020-04-01
3062,1,2020-02-01
3063,1,2020-01-01
3064,1,2020-04-01
3065,1,2020-05-01
3066,1,2020-04-01
3067,1,2020-06-01
3068,1,2021-01-01
3069,1,2020-04-01
3070,1,2020-01-01
3071,1,2020-01-01
3072,1,2020-04-01
3073,1,2020-06-01
3074,1,2020-06-01
3075,1,2020-02-01
3076,1,2020-02-01
3077,1,2020-06-01
3078,1,2020-03-01
3079,1,2020-12-01
3080,1,2020-08-01
3081,1,2020-03-01
3082,1,2020-01-01
3083,1,2020-04-01
3084,1,2020-04-01
3085,1,2020-09-01
3086,1,2020-02-01
3087,1,2020-01-01
3088,1,2020-04-01
3089,1,2020-01-01
3090,1,2020-02-01
3091,1,2020-08-01
3092,1,2020-05-01
3093,1,2020-01-01
3094,1,2020-03-01
3095,1,2020-06-01
3096,1,2020-02-01
3097,1,2020-05-01
3098,1,2020-01-01
3099,1,2020-01-01
3100,1,2020-01-01
3101,1,2020-03-01
3102,1,2020-04-01
3103,1,2020-02-01
3104,1,2020-02-01
3105,1,2020-05-01
3106,1,2020-10-01
3107,1,2020-03-01
3108,1,2020-04-01
3109,1,2020-11-01
3110,1,2020-04-01
3111,1,2020-03-01
3112,1,2020-05-01
3113,1,2020-03-01
3114,1,2020-03-01
3115,1,2020-06-01
3116,1,2020-04-01
3117,1,2020-04-01
3118,1,2020-02-01
3119,1,2020-10-01
3120,1,2020-11-01
3121,1,2020-03-01
3122,1,2020-07-01
3123,1,2020-01-01
3124,1,2020-01-01
3125,1,2020-04-01
3126,1,2020-04-01
3127,1,2020-08-01
3128,1,2020-02-01
3129,1,2020-01-01
3130,1,2020-12-01
3131,1,2020-05-01
3132,1,2020-09-01
3133,1,2020-02-01
3134,1,2020-08-01
3135,1,2020-01-01
3136,1,2020-01-01
3137,1,2020-08-01
3138,1,2020-05-01
3139,1,2020-04-01
3140,1,2020-08-01
3141,1,2020-01-01
3142,1,2021-09-01
3143,1,2020-06-01
3144,1,2020-02-01
3145,1,2020-05-01
3146,1,2020-05-01
3147,1,2020-05-01
3148,1,2020-01-01
3149,1,2020-03-01
3150,1,2020-01-01
3151,1,2020-02-01
3152,1,2020-06-01
3153,1,2020-02-01
3154,1,2020-05-01
3155,1,2020-03-01
3156,1,2020-05-01
3157,1,2020-03-01
3158,1,2020-03-01
3159,1,2020-03-01
3160,1,2020-05-01
3161,1,2020-03-01
3162,1,2020-04-01
3163,1,2020-05-01
3164,1,2020-03-01
3165,1,2020-03-01
3166,1,2020-04-01
3167,1,2020-02-01
3168,1,2020-01-01
3169,1,2020-05-01
3170,1,2020-04-01
3171,1,2020-03-01
3172,1,2020-04-01
3173,1,2020-02-01
3174,1,2020-02-01
3175,1,2020-09-01
3176,1,2020-03-01
3177,1,2020-01-01
3178,1,2020-07-01
3179,1,2020-02-01
3180,1,2020-03-01
3181,1,2020-04-01
3182,1,2020-02-01
3183,1,2020-04-01
3184,1,2020-04-01
3185,1,2020-04-01
3186,1,2020-02-01
3187,1,2020-02-01
3188,1,2020-04-01
3189,1,2020-02-01
3190,1,2020-02-01
3191,1,2020-03-01
3192,1,2020-05-01
3193,1,2020-06-01
3194,1,2020-02-01
3195,1,2020-04-01
3196,1,2020-01-01
3197,1,2020-01-01
3198,1,2020-02-01
3199,1,2020-03-01
3200,1,2020-06-01
3201,1,2020-02-01
3202,1,2020-01-01
3203,1,2020-01-01
3204,1,2020-03-01
3205,1,2020-02-01
3206,1,2020-10-01
3207,1,2020-04-01
3208,1,2020-06-01
3209,1,2020-02-01
3210,1,2020-04-01
3211,1,2020-01-01
3212,1,2020-01-01
3213,1,2020-03-01
3214,1,2020-04-01
3215,1,2020-04-01
3216,1,2020-01-01
3217,1,2020-02-01
3218,1,2020-11-01
3219,1,2020-03-01
3220,1,2020-03-01
3221,1,2020-02-01
3222,1,2020-01-01
3223,1,2020-02-01
3224,1,2020-01-01
3225,1,2020-01-01
3226,1,2020-01-01
3227,1,2020-08-01
3228,1,2020-03-01
3229,1,2020-01-01
3230,1,2020-02-01
3231,1,2020-02-01
3232,1,2020-12-01
3233,1,2020-03-01
3234,1,2020-03-01
3235,1,2020-07-01
3236,1,2020-01-01
3237,1,2020-07-01
3238,1,2020-07-01
3239,1,2020-05-01
3240,1,2020-02-01
3241,1,2020-02-01
3242,1,2020-03-01
3243,1,2020-02-01
3244,1,2020-01-01
3245,1,2020-02-01
3246,1,2020-01-01
3247,1,2020-03-01
3248,1,2020-03-01
3249,1,2020-01-01
3250,1,2020-06-01
3251,1,2020-02-01
3252,1,2020-04-01
3253,1,2020-04-01
3254,1,2020-04-01
3255,1,2020-08-01
3256,1,2020-01-01
3257,1,2020-04-01
3258,1,2020-03-01
3259,1,2020-02-01
3260,1,2020-09-01
3261,1,2020-06-01
3262,1,2020-06-01
3263,1,2020-01-01
3264,1,2020-04-01
3265,1,2020-04-01
3266,1,2020-06-01
3267,1,2020-05-01
3268,1,2020-04-01
3269,1,2020-02-01
3270,1,2020-06-01
3271,1,2020-06-01
3272,1,2020-09-01
3273,1,2020-04-01
3274,1,2020-09-01
3275,1,2020-02-01
3276,1,2020-02-01
3277,1,2020-03-01
3278,1,2020-04-01
3279,1,2020-06-01
3280,1,2020-06-01
3281,1,2020-01-01
3282,1,2020-01-01
3283,1,2021-11-01
3284,1,2020-04-01
3285,1,2020-02-01
3286,1,2020-01-01
3287,1,2020-02-01
3288,1,2020-01-01
3289,1,2020-03-01
3290,1,2020-04-01
3291,1,2020-05-01
3292,1,2020-05-01
3293,1,2020-02-01
3294,1,2020-06-01
3295,1,2020-11-01
3296,1,2020-02-01
3297,1,2020-01-01
3298,1,2020-03-01
3299,1,2020-03-01
3300,1,2020-02-01
3301,1,2020-01-01
3302,1,2020-02-01
3303,1,2020-05-01
3304,1,2020-04-01
3305,1,2020-05-01
3306,1,2020-05-01
3307,1,2020-07-01
3308,1,2020-01-01
3309,1,2020-01-01
3310,1,2020-03-01
3311,1,2020-03-01
3312,1,2020-02-01
3313,1,2020-05-01
3314,1,2020-08-01
3315,1,2020-06-01
3316,1,2021-04-01
3317,1,2020-06-01
3318,1,2020-02-01
3319,1,2020-05-01
3320,1,2020-03-01
3321,1,2020-01-01
3322,1,2020-02-01
3323,1,2020-05-01
3324,1,2020-01-01
3325,1,2020-01-01
3326,1,2020-02-01
3327,1,2020-01-01
3328,1,2020-05-01
3329,1,2020-07-01
3330,1,2020-05-01
3331,1,2020-01-01
3332,1,2020-02-01
3333,1,2020-05-01
3334,1,2020-01-01
3335,1,2020-04-01
3336,1,2020-01-01
3337,1,2020-10-01
3338,1,2020-03-01
3339,1,2020-04-01
3340,1,2020-04-01
3341,1,2020-02-01
3342,1,2020-01-01
3343,1,2020-01-01
3344,1,2020-09-01
3345,1,2020-02-01
3346,1,2020-03-01
3347,1,2020-05-01
3348,1,2020-02-01
3349,1,2021-01-01
3350,1,2020-05-01
3351,1,2020-07-01
3352,1,2020-03-01
3353,1,2020-05-01
3354,1,2020-03-01
3355,1,2020-02-01
3356,1,2020-06-01
3357,1,2020-06-01
3358,1,2020-03-01
3359,1,2020-01-01
3360,1,2020-03-01
3361,1,2020-04-01
3362,1,2020-05-01
3363,1,2020-02-01
3364,1,2020-04-01
3365,1,2020-05-01
3366,1,2020-04-01
3367,1,2020-01-01
3368,1,2020-05-01
3369,1,2020-10-01
3370,1,2020-09-01
3371,1,2020-04-01
3372,1,2020-02-01
3373,1,2020-01-01
3374,1,2020-11-01
3375,1,2020-05-01
3376,1,2020-01-01
3377,1,2020-03-01
3378,1,2020-07-01
3379,1,2020-03-01
3380,1,2020-08-01
3381,1,2020-06-01
3382,1,2021-04-01
3383,1,2020-01-01
3384,1,2020-01-01
3385,1,2020-06-01
3386,1,2020-02-01
3387,1,2020-03-01
3388,1,2020-10-01
3389,1,2020-05-01
3390,1,2020-01-01
3391,1,2020-02-01
3392,1,2020-04-01
3393,1,2020-03-01
3394,1,2020-05-01
3395,1,2020-03-01
3396,1,2020-03-01
3397,1,2020-09-01
3398,1,2020-03-01
3399,1,2020-03-01
3400,1,2020-01-01
3401,1,2020-02-01
3402,1,2020-06-01
3403,1,2020-04-01
3404,1,2020-02-01
3405,1,2020-01-01
3406,1,2020-02-01
3407,1,2020-12-01
3408,1,2020-06-01
3409,1,2020-04-01
3410,1,2020-07-01
3411,1,2020-03-01
3412,1,2020-03-01
3413,1,2020-07-01
3414,1,2020-02-01
3415,1,2020-02-01
3416,1,2020-05-01
3417,1,2020-09-01
3418,1,2020-03-01
3419,1,2020-04-01
3420,1,2020-11-01
3421,1,2020-05-01
3422,1,2020-02-01
3423,1,2020-01-01
3424,1,2020-02-01
3425,1,2020-01-01
3426,1,2020-06-01
3427,1,2020-02-01
3428,1,2020-03-01
3429,1,2020-02-01
3430,1,2020-03-01
3431,1,2020-02-01
3432,1,2020-03-01
3433,1,2020-01-01
3434,1,2020-05-01
3435,1,2020-07-01
3436,1,2020-05-01
3437,1,2020-05-01
3438,1,2020-02-01
3439,1,2020-04-01
3440,1,2020-02-01
3441,1,2020-05-01
3442,1,2020-01-01
3443,1,2020-04-01
3444,1,2020-03-01
3445,1,2020-05-01
3446,1,2020-03-01
3447,1,2020-07-01
3448,1,2020-02-01
3449,1,2020-02-01
3450,1,2020-01-01
3451,1,2020-02-01
3452,1,2020-01-01
3453,1,2020-09-01
3454,1,2020-04-01
3455,1,2020-01-01
3456,1,2020-02-01
3457,1,2020-07-01
3458,1,2020-05-01
3459,1,2020-05-01
3460,1,2020-03-01
3461,1,2020-03-01
3462,1,2020-01-01
3463,1,2020-08-01
3464,1,2020-05-01
3465,1,2020-06-01
3466,1,2020-02-01
3467,1,2020-04-01
3468,1,2020-04-01
3469,1,2020-03-01
3470,1,2020-04-01
3471,1,2020-02-01
3472,1,2020-09-01
3473,1,2020-02-01
3474,1,2020-03-01
3475,1,2020-05-01
3476,1,2020-02-01
3477,1,2020-06-01
3478,1,2020-01-01
3479,1,2020-04-01
3480,1,2020-04-01
3481,1,2020-04-01
3482,1,2020-06-01
3483,1,2020-12-01
3484,1,2020-09-01
3485,1,2020-02-01
3486,1,2020-04-01
3487,1,2020-03-01
3488,1,2020-03-01
3489,1,2020-04-01
3490,1,2020-03-01
3491,1,2020-02-01
3492,1,2020-06-01
3493,1,2021-02-01
3494,1,2020-02-01
3495,1,2020-07-01
3496,1,2020-04-01
3497,1,2020-01-01
3498,1,2020-02-01
3499,1,2020-03-01
3500,1,2020-04-01
3501,1,2020-06-01
3502,1,2020-05-01
3503,1,2020-05-01
3504,1,2020-01-01
3505,1,2020-02-01
3506,1,2020-01-01
3507,1,2020-03-01
3508,1,2020-04-01
3509,1,2020-07-01
3510,1,2020-03-01
3511,1,2020-04-01
3512,1,2020-01-01
3513,1,2020-01-01
3514,1,2020-04-01
3515,1,2020-02-01
3516,1,2020-06-01
3517,1,2020-01-01
3518,1,2020-03-01
3519,1,2020-02-01
3520,1,2020-10-01
3521,1,2020-03-01
3522,1,2020-01-01
3523,1,2020-02-01
3524,1,2020-01-01
3525,1,2020-03-01
3526,1,2020-01-01
3527,1,2020-06-01
3528,1,2020-04-01
3529,1,2020-04-01
3530,1,2020-05-01
3531,1,2020-03-01
3532,1,2020-03-01
3533,1,2021-01-01
3534,1,2020-04-01
3535,1,2020-03-01
3536,1,2020-02-01
3537,1,2020-08-01
3538,1,2020-03-01
3539,1,2020-06-01
3540,1,2020-03-01
3541,1,2020-01-01
3542,1,2020-09-01
3543,1,2020-01-01
3544,1,2020-05-01
3545,1,2021-01-01
3546,1,2020-03-01
3547,1,2020-05-01
3548,1,2020-07-01
3549,1,2020-07-01
3550,1,2020-05-01
3551,1,2020-01-01
3552,1,2020-01-01
3553,1,2020-05-01
3554,1,2020-07-01
3555,1,2020-11-01
3556,1,2020-08-01
3557,1,2020-07-01
3558,1,2020-09-01
3559,1,2020-09-01
3560,1,2020-03-01
3561,1,2020-06-01
3562,1,2020-05-01
3563,1,2021-04-01
3564,1,2020-03-01
3565,1,2020-04-01
3566,1,2020-05-01
3567,1,2020-06-01
3568,1,2020-02-01
3569,1,2020-08-01
3570,1,2020-03-01
3571,1,2020-04-01
3572,1,2020-06-01
3573,1,2020-06-01
3574,1,2020-04-01
3575,1,2020-02-01
3576,1,2020-08-01
3577,1,2020-05-01
3578,1,2020-02-01
3579,1,2020-01-01
3580,1,2020-02-01
3581,1,2020-03-01
3582,1,2020-04-01
3583,1,2020-02-01
3584,1,2020-05-01
3585,1,2020-01-01
3586,1,2020-02-01
3587,1,2020-01-01
3588,1,2020-02-01
3589,1,2020-03-01
3590,1,2020-04-01
3591,1,2020-06-01
3592,1,2020-03-01
3593,1,2020-01-01
3594,1,2020-01-01
3595,1,2020-10-01
3596,1,2020-03-01
3597,1,2021-01-01
3598,1,2020-01-01
3599,1,2020-03-01
3600,1,2021-05-01
3601,1,2020-03-01
3602,1,2020-04-01
3603,1,2020-04-01
3604,1,2020-09-01
3605,1,2020-02-01
3606,1,2020-03-01
3607,1,2020-01-01
3608,1,2020-02-01
3609,1,2020-02-01
3610,1,2020-01-01
3611,1,2020-06-01
3612,1,2020-01-01
3613,1,2020-03-01
3614,1,2020-02-01
3615,1,2020-03-01
3616,1,2020-03-01
3617,1,2020-01-01
3618,1,2020-08-01
3619,1,2020-01-01
3620,1,2020-04-01
3621,1,2020-02-01
3622,1,2020-02-01
3623,1,2020-03-01
3624,1,2020-02-01
3625,1,2020-01-01
3626,1,2020-01-01
3627,1,2020-01-01
3628,1,2020-05-01
3629,1,2020-08-01
3630,1,2020-02-01
3631,1,2020-01-01
3632,1,2020-01-01
3633,1,2020-09-01
3634,1,2020-01-01
3635,1,2020-03-01
3636,1,2020-01-01
3637,1,2020-07-01
3638,1,2020-06-01
3639,1,2020-01-01
3640,1,2021-02-01
3641,1,2020-03-01
3642,1,2020-04-01
3643,1,2020-03-01
3644,1,2020-01-01
3645,1,2020-01-01
3646,1,2020-04-01
3647,1,2020-03-01
3648,1,2020-11-01
3649,1,2021-12-01
3650,1,2020-02-01
3651,1,2020-02-01
3652,1,2020-01-01
3653,1,2020-05-01
3654,1,2020-01-01
3655,1,2020-10-01
3656,1,2020-07-01
3657,1,2020-02-01
3658,1,2020-01-01
3659,1,2020-04-01
3660,1,2020-04-01
3661,1,2020-01-01
3662,1,2020-03-01
3663,1,2020-02-01
3664,1,2021-01-01
3665,1,2020-04-01
3666,1,2020-08-01
3667,1,2020-01-01
3668,1,2021-03-01
3669,1,2020-09-01
3670,1,2020-03-01
3671,1,2020-02-01
3672,1,2020-07-01
3673,1,2020-02-01
3674,1,2020-06-01
3675,1,2020-04-01
3676,1,2020-02-01
3677,1,2020-01-01
3678,1,2020-03-01
3679,1,2020-04-01
3680,1,2021-09-01
3681,1,2020-02-01
3682,1,2020-02-01
3683,1,2020-04-01
3684,1,2020-01-01
3685,1,2020-08-01
3686,1,2020-06-01
3687,1,2020-03-01
3688,1,2020-01-01
3689,1,2020-03-01
3690,1,2020-04-01
3691,1,2020-08-01
3692,1,2020-11-01
3693,1,2020-09-01
3694,1,2020-03-01
3695,1,2020-07-01
3696,1,2020-01-01
3697,1,2020-02-01
3698,1,2020-02-01
3699,1,2020-01-01
3700,1,2020-05-01
3701,1,2020-07-01
3702,1,2020-04-01
3703,1,2020-02-01
3704,1,2020-01-01
3705,1,2020-04-01
3706,1,2020-03-01
3707,1,2020-03-01
3708,1,2020-02-01
3709,1,2020-07-01
3710,1,2020-04-01
3711,1,2020-05-01
3712,1,2020-06-01
3713,1,2020-01-01
3714,1,2020-01-01
3715,1,2020-02-01
3716,1,2020-09-01
3717,1,2021-04-01
3718,1,2020-03-01
3719,1,2021-01-01
3720,1,2020-02-01
3721,1,2020-07-01
3722,1,2020-02-01
3723,1,2020-07-01
3724,1,2020-04-01
3725,1,2020-02-01
3726,1,2020-04-01
3727,1,2020-06-01
3728,1,2020-07-01
3729,1,2020-01-01
3730,1,2020-01-01
3731,1,2020-02-01
3732,1,2020-03-01
3733,1,2020-06-01
3734,1,2020-01-01
3735,1,2020-06-01
3736,1,2020-01-01
3737,1,2020-02-01
3738,1,2020-08-01
3739,1,2020-01-01
3740,1,2020-04-01
3741,1,2020-05-01
3742,1,2020-03-01
3743,1,2020-02-01
3744,1,2020-02-01
3745,1,2020-09-01
3746,1,2020-01-01
3747,1,2020-07-01
3748,1,2020-04-01
3749,1,2020-01-01
3750,1,2020-11-01
3751,1,2020-02-01
3752,1,2020-01-01
3753,1,2020-04-01
3754,1,2020-04-01
3755,1,2020-03-01
3756,1,2020-01-01
3757,1,2020-04-01
3758,1,2020-01-01
3759,1,2020-02-01
3760,1,2020-05-01
3761,1,2020-06-01
3762,1,2020-03-01
3763,1,2020-01-01
3764,1,2020-01-01
3765,1,2020-02-01
3766,1,2020-03-01
3767,1,2020-03-01
3768,1,2020-05-01
3769,1,2020-01-01
3770,1,2020-02-01
3771,1,2020-11-01
3772,1,2020-05-01
3773,1,2020-04-01
3774,1,2020-09-01
3775,1,2020-05-01
3776,1,2020-02-01
3777,1,2020-02-01
3778,1,2020-05-01
3779,1,2020-12-01
3780,1,2020-04-01
3781,1,2020-02-01
3782,1,2020-02-01
3783,1,2020-05-01
3784,1,2020-04-01
3785,1,2020-06-01
3786,1,2020-02-01
3787,1,2021-01-01
3788,1,2020-02-01
3789,1,2020-10-01
3790,1,2020-05-01
3791,1,2020-03-01
3792,1,2020-02-01
3793,1,2020-09-01
3794,1,2020-05-01
3795,1,2020-11-01
3796,1,2020-04-01
3797,1,2020-01-01
3798,1,2020-05-01
3799,1,2020-10-01
3800,1,2020-02-01
3801,1,2020-02-01
3802,1,2020-04-01
3803,1,2020-03-01
3804,1,2020-04-01
3805,1,2020-04-01
3806,1,2020-02-01
3807,1,2020-07-01
3808,1,2020-01-01
3809,1,2020-08-01
3810,1,2020-05-01
3811,1,2020-03-01
3812,1,2020-06-01
3813,1,2020-10-01
3814,1,2020-02-01
3815,1,2020-04-01
3816,1,2020-04-01
3817,1,2020-01-01
3818,1,2020-07-01
3819,1,2020-02-01
3820,1,2020-03-01
3821,1,2020-04-01
3822,1,2020-03-01
3823,1,2021-06-01
3824,1,2020-01-01
3825,1,2020-11-01
3826,1,2020-02-01
3827,1,2020-02-01
3828,1,2020-07-01
3829,1,2020-02-01
3830,1,2020-05-01
3831,1,2020-02-01
3832,1,2020-03-01
3833,1,2020-01-01
3834,1,2020-02-01
3835,1,2020-06-01
3836,1,2020-10-01
3837,1,2020-03-01
3838,1,2020-03-01
3839,1,2020-04-01
3840,1,2021-02-01
3841,1,2020-10-01
3842,1,2020-08-01
3843,1,2020-03-01
3844,1,2020-04-01
3845,1,2020-02-01
3846,1,2020-02-01
3847,1,2020-03-01
3848,1,2020-03-01
3849,1,2020-06-01
3850,1,2020-05-01
3851,1,2020-01-01
3852,1,2020-02-01
3853,1,2020-06-01
3854,1,2021-07-01
3855,1,2020-01-01
3856,1,2020-05-01
3857,1,2020-04-01
3858,1,2020-05-01
3859,1,2020-03-01
3860,1,2020-08-01
3861,1,2020-02-01
3862,1,2020-08-01
3863,1,2020-06-01
3864,1,2020-02-01
3865,1,2020-06-01
3866,1,2021-02-01
3867,1,2020-03-01
3868,1,2020-04-01
3869,1,2020-02-01
3870,1,2020-02-01
3871,1,2020-04-01
3872,1,2020-01-01
3873,1,2020-01-01
3874,1,2020-02-01
3875,1,2020-03-01
3876,1,2020-04-01
3877,1,2021-01-01
3878,1,2020-03-01
3879,1,2020-08-01
3880,1,2020-08-01
3881,1,2020-01-01
3882,1,2020-03-01
3883,1,2020-09-01
3884,1,2020-01-01
3885,1,2020-05-01
3886,1,2020-01-01
3887,1,2020-01-01
3888,1,2020-02-01
3889,1,2020-04-01
3890,1,2020-02-01
3891,1,2020-03-01
3892,1,2020-01-01
3893,1,2020-05-01
3894,1,2020-04-01
3895,1,2021-03-01
3896,1,2020-02-01
3897,1,2020-07-01
3898,1,2020-02-01
3899,1,2020-02-01
3900,1,2020-02-01
3901,1,2020-02-01
3902,1,2020-04-01
3903,1,2020-03-01
3904,1,2020-02-01
3905,1,2020-07-01
3906,1,2020-03-01
3907,1,2020-02-01
3908,1,2020-03-01
3909,1,2020-02-01
3910,1,2020-03-01
3911,1,2020-05-01
3912,1,2020-10-01
3913,1,2020-01-01
3914,1,2020-04-01
3915,1,2020-02-01
3916,1,2020-04-01
3917,1,2020-05-01
3918,1,2020-04-01
3919,1,2020-04-01
3920,1,2020-03-01
3921,1,2020-01-01
3922,1,2020-03-01
3923,1,2020-01-01
3924,1,2020-01-01
3925,1,2020-02-01
3926,1,2020-03-01
3927,1,2020-05-01
3928,1,2020-10-01
3929,1,2020-10-01
3930,1,2020-01-01
3931,1,2020-03-01
3932,1,2020-03-01
3933,1,2020-03-01
3934,1,2020-03-01
3935,1,2020-01-01
3936,1,2020-06-01
3937,1,2020-07-01
3938,1,2020-03-01
3939,1,2020-02-01
3940,1,2020-01-01
3941,1,2020-04-01
3942,1,2020-04-01
3943,1,2020-03-01
3944,1,2020-02-01
3945,1,2020-01-01
3946,1,2020-12-01
3947,1,2020-05-01
3948,1,2020-04-01
3949,1,2020-04-01
3950,1,2020-03-01
3951,1,2020-12-01
3952,1,2020-01-01
3953,1,2020-05-01
3954,1,2020-05-01
3955,1,2020-07-01
3956,1,2020-10-01
3957,1,2020-04-01
3958,1,2020-05-01
3959,1,2020-04-01
3960,1,2020-06-01
3961,1,2020-05-01
3962,1,2020-05-01
3963,1,2020-11-01
3964,1,2020-05-01
3965,1,2020-01-01
3966,1,2020-02-01
3967,1,2020-03-01
3968,1,2020-02-01
3969,1,2020-05-01
3970,1,2020-10-01
3971,1,2020-01-01
3972,1,2020-03-01
3973,1,2020-04-01
3974,1,2020-03-01
3975,1,2020-11-01
3976,1,2020-04-01
3977,1,2020-05-01
3978,1,2020-04-01
3979,1,2020-03-01
3980,1,2020-02-01
3981,1,2020-06-01
3982,1,2020-07-01
3983,1,2020-07-01
3984,1,2020-04-01
3985,1,2020-03-01
3986,1,2020-02-01
3987,1,2020-03-01
3988,1,2020-03-01
3989,1,2020-05-01
3990,1,2020-03-01
3991,1,2020-03-01
3992,1,2020-02-01
3993,1,2020-02-01
3994,1,2020-01-01
3995,1,2020-04-01
3996,1,2020-04-01
3997,1,2020-08-01
3998,1,2020-02-01
3999,1,2020-04-01
4000,1,2020-04-01
4001,1,2020-07-01
4002,1,2020-01-01
4003,1,2020-02-01
4004,1,2020-01-01
4005,1,2020-03-01
4006,1,2020-02-01
4007,1,2020-05-01
4008,1,2020-01-01
4009,1,2020-03-01
4010,1,2020-03-01
4011,1,2020-07-01
4012,1,2020-03-01
4013,1,2020-03-01
4014,1,2020-02-01
4015,1,2020-02-01
4016,1,2020-02-01
4017,1,2020-01-01
4018,1,2020-03-01
4019,1,2020-02-01
4020,1,2020-05-01
4021,1,2020-04-01
4022,1,2020-06-01
4023,1,2020-04-01
4024,1,2020-01-01
4025,1,2020-05-01
4026,1,2020-01-01
4027,1,2020-02-01
4028,1,2020-08-01
4029,1,2020-05-01
4030,1,2020-01-01
4031,1,2020-06-01
4032,1,2020-04-01
4033,1,2020-09-01
4034,1,2020-07-01
4035,1,2020-01-01
4036,1,2020-08-01
4037,1,2020-03-01
4038,1,2020-04-01
4039,1,2020-01-01
4040,1,2020-01-01
4041,1,2020-05-01
4042,1,2020-05-01
4043,1,2020-04-01
4044,1,2020-04-01
4045,1,2020-03-01
4046,1,2020-08-01
4047,1,2020-10-01
4048,1,2020-07-01
4049,1,2020-05-01
4050,1,2020-04-01
4051,1,2020-05-01
4052,1,2020-08-01
4053,1,2020-02-01
4054,1,2020-06-01
4055,1,2020-07-01
4056,1,2020-04-01
4057,1,2020-02-01
4058,1,2020-04-01
4059,1,2020-05-01
4060,1,2020-07-01
4061,1,2020-01-01
4062,1,2020-02-01
4063,1,2020-05-01
4064,1,2020-03-01
4065,1,2020-02-01
4066,1,2020-04-01
4067,1,2020-03-01
4068,1,2020-01-01
4069,1,2020-02-01
4070,1,2020-08-01
4071,1,2020-08-01
4072,1,2020-09-01
4073,1,2020-01-01
4074,1,2020-09-01
4075,1,2020-05-01
4076,1,2020-02-01
4077,1,2020-05-01
4078,1,2020-03-01
4079,1,2020-02-01
4080,1,2020-01-01
4081,1,2020-06-01
4082,1,2020-02-01
4083,1,2020-03-01
4084,1,2020-03-01
4085,1,2020-07-01
4086,1,2020-12-01
4087,1,2020-05-01
4088,1,2020-03-01
4089,1,2020-02-01
4090,1,2020-07-01
4091,1,2020-09-01
4092,1,2020-07-01
4093,1,2020-02-01
4094,1,2020-04-01
4095,1,2020-04-01
4096,1,2020-05-01
4097,1,2020-02-01
4098,1,2020-04-01
4099,1,2020-06-01
4100,1,2020-01-01
4101,1,2020-06-01
4102,1,2020-02-01
4103,1,2020-04-01
4104,1,2020-02-01
4105,1,2020-07-01
4106,1,2020-01-01
4107,1,2020-02-01
4108,1,2020-06-01
4109,1,2020-01-01
4110,1,2020-03-01
4111,1,2020-10-01
4112,1,2020-05-01
4113,1,2020-03-01
4114,1,2020-02-01
4115,1,2020-03-01
4116,1,2020-01-01
4117,1,2020-03-01
4118,1,2020-01-01
4119,1,2020-07-01
4120,1,2020-05-01
4121,1,2020-09-01
4122,1,2020-02-01
4123,1,2021-04-01
4124,1,2020-03-01
4125,1,2020-05-01
4126,1,2020-06-01
4127,1,2020-01-01
4128,1,2020-02-01
4129,1,2020-05-01
4130,1,2020-04-01
4131,1,2020-02-01
4132,1,2020-05-01
4133,1,2020-04-01
4134,1,2020-04-01
4135,1,2020-02-01
4136,1,2021-05-01
4137,1,2020-04-01
4138,1,2020-01-01
4139,1,2020-03-01
4140,1,2020-04-01
4141,1,2020-02-01
4142,1,2020-02-01
4143,1,2021-01-01
4144,1,2020-08-01
4145,1,2020-05-01
4146,1,2020-07-01
4147,1,2020-05-01
4148,1,2020-02-01
4149,1,2020-02-01
4150,1,2020-01-01
4151,1,2020-04-01
4152,1,2020-03-01
4153,1,2020-02-01
4154,1,2020-01-01
4155,1,2020-04-01
4156,1,2020-03-01
4157,1,2020-03-01
4158,1,2020-03-01
4159,1,2020-08-01
4160,1,2020-01-01
4161,1,2020-02-01
4162,1,2020-09-01
4163,1,2020-03-01
4164,1,2020-03-01
4165,1,2020-05-01
4166,1,2020-06-01
4167,1,2020-02-01
4168,1,2020-03-01
4169,1,2020-02-01
4170,1,2020-04-01
4171,1,2020-05-01
4172,1,2020-06-01
4173,1,2021-02-01
4174,1,2020-11-01
4175,1,2020-01-01
4176,1,2020-05-01
4177,1,2020-07-01
4178,1,2020-09-01
4179,1,2020-04-01
4180,1,2020-05-01
4181,1,2020-01-01
4182,1,2020-02-01
4183,1,2020-03-01
4184,1,2020-01-01
4185,1,2020-03-01
4186,1,2020-01-01
4187,1,2020-04-01
4188,1,2020-01-01
4189,1,2020-03-01
4190,1,2020-02-01
4191,1,2020-07-01
4192,1,2020-11-01
4193,1,2020-03-01
4194,1,2020-06-01
4195,1,2020-02-01
4196,1,2020-05-01
4197,1,2020-02-01
4198,1,2020-10-01
4199,1,2020-05-01
4200,1,2020-07-01
4201,1,2020-01-01
4202,1,2020-04-01
4203,1,2020-09-01
4204,1,2020-12-01
4205,1,2020-07-01
4206,1,2020-04-01
4207,1,2020-07-01
4208,1,2020-01-01
4209,1,2020-02-01
4210,1,2020-03-01
4211,1,2020-06-01
4212,1,2020-01-01
4213,1,2020-06-01
4214,1,2020-01-01
4215,1,2020-09-01
4216,1,2020-03-01
4217,1,2020-01-01
4218,1,2020-05-01
4219,1,2020-08-01
4220,1,2020-01-01
4221,1,2020-03-01
4222,1,2020-01-01
4223,1,2020-05-01
4224,1,2020-07-01
4225,1,2020-02-01
4226,1,2020-06-01
4227,1,2020-01-01
4228,1,2020-03-01
4229,1,2020-06-01
4230,1,2020-03-01
4231,1,2020-02-01
4232,1,2020-01-01
4233,1,2020-01-01
4234,1,2020-02-01
4235,1,2020-03-01
4236,1,2020-04-01
4237,1,2020-10-01
4238,1,2020-01-01
4239,1,2020-04-01
4240,1,2020-06-01
4241,1,2020-04-01
4242,1,2020-08-01
4243,1,2020-02-01
4244,1,2020-01-01
4245,1,2020-09-01
4246,1,2020-01-01
4247,1,2020-05-01
4248,1,2020-05-01
4249,1,2020-01-01
4250,1,2020-07-01
4251,1,2020-03-01
4252,1,2020-04-01
4253,1,2020-07-01
4254,1,2020-01-01
4255,1,2020-07-01
4256,1,2020-04-01
4257,1,2020-06-01
4258,1,2020-01-01
4259,1,2020-06-01
4260,1,2020-03-01
4261,1,2020-01-01
4262,1,2020-04-01
4263,1,2020-01-01
4264,1,2020-01-01
4265,1,2020-03-01
4266,1,2020-02-01
4267,1,2020-05-01
4268,1,2020-07-01
4269,1,2020-04-01
4270,1,2020-05-01
4271,1,2020-07-01
4272,1,2020-03-01
4273,1,2020-05-01
4274,1,2020-05-01
4275,1,2020-01-01
4276,1,2020-05-01
4277,1,2020-01-01
4278,1,2020-02-01
4279,1,2020-02-01
4280,1,2020-07-01
4281,1,2020-06-01
4282,1,2020-01-01
4283,1,2020-01-01
4284,1,2020-04-01
4285,1,2020-08-01
4286,1,2020-02-01
4287,1,2020-03-01
4288,1,2020-05-01
4289,1,2020-05-01
4290,1,2020-06-01
4291,1,2020-03-01
4292,1,2020-05-01
4293,1,2020-07-01
4294,1,2020-07-01
4295,1,2020-08-01
4296,1,2020-06-01
4297,1,2020-07-01
4298,1,2020-04-01
4299,1,2020-01-01
4300,1,2020-02-01
4301,1,2020-05-01
4302,1,2020-05-01
4303,1,2020-02-01
4304,1,2020-02-01
4305,1,2020-02-01
4306,1,2020-02-01
4307,1,2020-03-01
4308,1,2020-03-01
4309,1,2020-03-01
4310,1,2020-01-01
4311,1,2020-01-01
4312,1,2020-01-01
4313,1,2020-04-01
4314,1,2020-04-01
4315,1,2020-08-01
4316,1,2020-01-01
4317,1,2020-04-01
4318,1,2020-07-01
4319,1,2020-04-01
4320,1,2020-06-01
4321,1,2020-10-01
4322,1,2020-04-01
4323,1,2020-07-01
4324,1,2020-11-01
4325,1,2020-05-01
4326,1,2020-01-01
4327,1,2020-06-01
4328,1,2020-03-01
4329,1,2020-01-01
4330,1,2020-01-01
4331,1,2020-04-01
4332,1,2020-01-01
4333,1,2020-01-01
4334,1,2020-05-01
4335,1,2020-05-01
4336,1,2020-03-01
4337,1,2020-11-01
4338,1,2021-04-01
4339,1,2020-03-01
4340,1,2020-03-01
4341,1,2020-01-01
4342,1,2020-01-01
4343,1,2020-03-01
4344,1,2020-01-01
4345,1,2020-01-01
4346,1,2020-05-01
4347,1,2020-04-01
4348,1,2020-04-01
4349,1,2020-04-01
4350,1,2020-03-01
4351,1,2020-03-01
4352,1,2020-11-01
4353,1,2020-05-01
4354,1,2020-04-01
4355,1,2020-03-01
4356,1,2020-02-01
4357,1,2020-05-01
4358,1,2020-02-01
4359,1,2020-04-01
4360,1,2020-02-01
4361,1,2020-07-01
4362,1,2020-02-01
4363,1,2020-03-01
4364,1,2020-01-01
4365,1,2020-01-01
4366,1,2020-05-01
4367,1,2020-03-01
4368,1,2020-05-01
4369,1,2020-02-01
4370,1,2020-01-01
4371,1,2020-05-01
4372,1,2020-03-01
4373,1,2020-02-01
4374,1,2020-02-01
4375,1,2020-02-01
4376,1,2020-03-01
4377,1,2020-03-01
4378,1,2020-03-01
4379,1,2020-02-01
4380,1,2020-05-01
4381,1,2020-01-01
4382,1,2020-05-01
4383,1,2020-01-01
4384,1,2020-01-01
4385,1,2020-03-01
4386,1,2020-02-01
4387,1,2020-01-01
4388,1,2020-03-01
4389,1,2020-02-01
4390,1,2020-01-01
4391,1,2020-02-01
4392,1,2020-02-01
4393,1,2020-06-01
4394,1,2020-02-01
4395,1,2020-04-01
4396,1,2020-02-01
4397,1,2020-03-01
4398,1,2020-01-01
4399,1,2020-01-01
4400,1,2020-08-01
4401,1,2020-02-01
4402,1,2020-03-01
4403,1,2020-01-01
4404,1,2020-10-01
4405,1,2020-02-01
4406,1,2020-02-01
4407,1,2020-03-01
4408,1,2020-02-01
4409,1,2020-05-01
4410,1,2020-01-01
4411,1,2020-02-01
4412,1,2020-05-01
4413,1,2020-01-01
4414,1,2020-07-01
4415,1,2020-04-01
4416,1,2020-02-01
4417,1,2020-02-01
4418,1,2020-01-01
4419,1,2020-08-01
4420,1,2020-07-01
4421,1,2020-01-01
4422,1,2020-06-01
4423,1,2020-08-01
4424,1,2020-03-01
4425,1,2020-06-01
4426,1,2020-04-01
4427,1,2020-01-01
4428,1,2020-06-01
4429,1,2020-05-01
4430,1,2020-04-01
4431,1,2020-06-01
4432,1,2020-03-01
4433,1,2020-05-01
4434,1,2020-02-01
4435,1,2020-02-01
4436,1,2020-01-01
4437,1,2020-01-01
4438,1,2020-06-01
4439,1,2020-02-01
4440,1,2020-01-01
4441,1,2020-03-01
4442,1,2020-07-01
4443,1,2020-08-01
4444,1,2020-04-01
4445,1,2020-02-01
4446,1,2020-01-01
4447,1,2020-04-01
4448,1,2020-03-01
4449,1,2020-02-01
4450,1,2020-03-01
4451,1,2020-04-01
4452,1,2020-03-01
4453,1,2020-07-01
4454,1,2020-07-01
4455,1,2020-06-01
4456,1,2020-08-01
4457,1,2021-10-01
4458,1,2020-05-01
4459,1,2020-01-01
4460,1,2020-05-01
4461,1,2020-02-01
4462,1,2020-02-01
4463,1,2020-02-01
4464,1,2020-06-01
4465,1,2020-05-01
4466,1,2020-01-01
4467,1,2020-05-01
4468,1,2020-01-01
4469,1,2020-07-01
4470,1,2020-03-01
4471,1,2020-02-01
4472,1,2020-01-01
4473,1,2020-06-01
4474,1,2020-01-01
4475,1,2021-07-01
4476,1,2020-01-01
4477,1,2020-04-01
4478,1,2020-03-01
4479,1,2020-04-01
4480,1,2020-02-01
4481,1,2020-03-01
4482,1,2020-04-01
4483,1,2020-03-01
4484,1,2020-02-01
4485,1,2020-07-01
4486,1,2020-06-01
4487,1,2020-03-01
4488,1,2020-11-01
4489,1,2020-06-01
4490,1,2020-01-01
4491,1,2020-03-01
4492,1,2020-01-01
4493,1,2020-04-01
4494,1,2020-06-01
4495,1,2020-06-01
4496,1,2020-04-01
4497,1,2020-02-01
4498,1,2020-01-01
4499,1,2020-01-01
4500,1,2020-02-01
4501,1,2020-05-01
4502,1,2020-09-01
4503,1,2020-02-01
4504,1,2020-01-01
4505,1,2020-02-01
4506,1,2020-03-01
4507,1,2020-01-01
4508,1,2020-08-01
4509,1,2020-05-01
4510,1,2020-03-01
4511,1,2020-02-01
4512,1,2020-07-01
4513,1,2020-09-01
4514,1,2020-02-01
4515,1,2020-08-01
4516,1,2020-04-01
4517,1,2020-03-01
4518,1,2020-04-01
4519,1,2020-02-01
4520,1,2020-07-01
4521,1,2020-07-01
4522,1,2020-03-01
4523,1,2020-04-01
4524,1,2020-03-01
4525,1,2020-04-01
4526,1,2020-07-01
4527,1,2020-02-01
4528,1,2020-04-01
4529,1,2020-01-01
4530,0,
4531,1,2020-03-01
4532,1,2020-01-01
4533,1,2020-01-01
4534,1,2020-01-01
4535,1,2020-01-01
4536,1,2020-01-01
4537,1,2020-04-01
4538,1,2020-07-01
4539,1,2020-01-01
4540,1,2020-10-01
4541,1,2020-09-01
4542,1,2020-03-01
4543,1,2020-01-01
4544,1,2020-01-01
4545,1,2020-02-01
4546,1,2020-02-01
4547,1,2020-01-01
4548,1,2020-05-01
4549,1,2020-04-01
4550,1,2020-08-01
4551,1,2020-02-01
4552,1,2020-05-01
4553,1,2020-01-01
4554,1,2020-03-01
4555,1,2020-03-01
4556,1,2020-05-01
4557,1,2020-01-01
4558,1,2020-03-01
4559,1,2020-04-01
4560,1,2020-03-01
4561,1,2020-05-01
4562,1,2021-04-01
4563,1,2020-03-01
4564,1,2020-02-01
4565,1,2020-01-01
4566,1,2020-02-01
4567,1,2020-05-01
4568,1,2020-04-01
4569,1,2020-01-01
4570,1,2021-01-01
4571,1,2020-05-01
4572,1,2020-05-01
4573,1,2020-06-01
4574,1,2020-07-01
4575,1,2020-01-01
4576,1,2020-12-01
4577,1,2020-04-01
4578,1,2020-01-01
4579,1,2020-04-01
4580,1,2020-06-01
4581,1,2020-04-01
4582,1,2020-02-01
4583,1,2020-04-01
4584,1,2020-03-01
4585,1,2020-05-01
4586,1,2020-03-01
4587,1,2020-05-01
4588,1,2020-02-01
4589,1,2020-01-01
4590,1,2020-03-01
4591,1,2020-04-01
4592,1,2020-05-01
4593,1,2020-02-01
4594,1,2020-04-01
4595,1,2020-10-01
4596,1,2020-01-01
4597,1,2020-04-01
4598,1,2020-08-01
4599,1,2020-04-01
4600,1,2020-06-01
4601,1,2020-01-01
4602,1,2020-05-01
4603,1,2020-04-01
4604,1,2020-04-01
4605,1,2020-03-01
4606,1,2020-02-01
4607,1,2020-07-01
4608,1,2020-01-01
4609,1,2020-04-01
4610,1,2020-02-01
4611,1,2020-02-01
4612,1,2020-03-01
4613,1,2020-03-01
4614,1,2020-03-01
4615,1,2020-06-01
4616,1,2020-02-01
4617,1,2020-03-01
4618,1,2020-04-01
4619,1,2020-04-01
4620,1,2020-02-01
4621,1,2020-12-01
4622,1,2020-06-01
4623,1,2020-09-01
4624,1,2020-06-01
4625,1,2020-01-01
4626,1,2020-04-01
4627,1,2020-01-01
4628,1,2020-10-01
4629,1,2020-06-01
4630,1,2020-03-01
4631,1,2020-02-01
4632,1,2020-01-01
4633,1,2020-05-01
4634,1,2020-03-01
4635,1,2020-05-01
4636,1,2020-01-01
4637,1,2020-04-01
4638,1,2020-01-01
4639,1,2020-06-01
4640,1,2020-09-01
4641,1,2020-05-01
4642,1,2020-03-01
4643,1,2020-01-01
4644,1,2020-03-01
4645,1,2020-07-01
4646,1,2020-05-01
4647,1,2020-04-01
4648,1,2020-07-01
4649,1,2020-06-01
4650,1,2020-05-01
4651,1,2020-06-01
4652,1,2020-04-01
4653,1,2020-03-01
4654,1,2020-01-01
4655,1,2020-05-01
4656,1,2020-02-01
4657,1,2020-01-01
4658,1,2020-03-01
4659,1,2020-02-01
4660,1,2020-02-01
4661,1,2020-04-01
4662,1,2020-03-01
4663,1,2020-02-01
4664,1,2020-04-01
4665,1,2020-01-01
4666,1,2020-02-01
4667,1,2020-01-01
4668,1,2020-03-01
4669,1,2020-04-01
4670,1,2020-05-01
4671,1,2020-02-01
4672,1,2020-01-01
4673,1,2020-03-01
4674,1,2020-04-01
4675,1,2020-05-01
4676,1,2020-02-01
4677,1,2020-02-01
4678,1,2020-03-01
4679,1,2020-03-01
4680,1,2020-01-01
4681,1,2020-04-01
4682,1,2020-05-01
4683,1,2020-01-01
4684,1,2020-01-01
4685,1,2020-03-01
4686,1,2020-05-01
4687,1,2020-10-01
4688,1,2020-02-01
4689,1,2020-05-01
4690,1,2020-04-01
4691,1,2020-04-01
4692,1,2020-02-01
4693,1,2020-01-01
4694,1,2020-03-01
4695,1,2020-06-01
4696,1,2020-01-01
4697,1,2020-02-01
4698,1,2020-03-01
4699,1,2020-02-01
4700,1,2020-02-01
4701,1,2020-05-01
4702,1,2020-04-01
4703,1,2020-07-01
4704,1,2020-01-01
4705,1,2020-09-01
4706,1,2020-03-01
4707,1,2020-04-01
4708,1,2020-01-01
4709,1,2020-03-01
4710,1,2020-02-01
4711,1,2020-02-01
4712,1,2020-03-01
4713,1,2020-08-01
4714,1,2020-08-01
4715,1,2020-02-01
4716,1,2020-02-01
4717,1,2020-05-01
4718,1,2020-05-01
4719,1,2020-09-01
4720,1,2020-05-01
4721,1,2020-06-01
4722,1,2020-06-01
4723,1,2020-02-01
4724,1,2020-02-01
4725,1,2020-06-01
4726,1,2020-06-01
4727,1,2020-05-01
4728,1,2020-03-01
4729,1,2020-04-01
4730,1,2020-02-01
4731,1,2020-04-01
4732,1,2020-03-01
4733,1,2020-03-01
4734,1,2020-03-01
4735,1,2020-02-01
4736,1,2020-01-01
4737,1,2020-03-01
4738,1,2020-07-01
4739,1,2020-03-01
4740,1,2020-01-01
4741,1,2020-01-01
4742,1,2020-07-01
4743,1,2020-01-01
4744,1,2020-05-01
4745,1,2020-01-01
4746,1,2020-04-01
4747,1,2020-04-01
4748,1,2020-05-01
4749,1,2020-02-01
4750,1,2020-05-01
4751,1,2020-03-01
4752,1,2020-04-01
4753,1,2020-02-01
4754,1,2020-04-01
4755,1,2020-05-01
4756,1,2020-03-01
4757,1,2020-02-01
4758,1,2020-04-01
4759,1,2020-06-01
4760,1,2020-02-01
4761,1,2020-03-01
4762,1,2020-01-01
4763,1,2020-05-01
4764,1,2020-02-01
4765,1,2020-06-01
4766,1,2020-03-01
4767,1,2020-02-01
4768,1,2020-08-01
4769,1,2020-02-01
4770,1,2020-02-01
4771,1,2020-03-01
4772,1,2021-05-01
4773,1,2020-01-01
4774,1,2020-08-01
4775,1,2020-04-01
4776,1,2020-04-01
4777,1,2020-04-01
4778,1,2020-02-01
4779,1,2020-01-01
4780,1,2020-04-01
4781,1,2020-06-01
4782,1,2020-01-01
4783,1,2020-04-01
4784,1,2020-01-01
4785,1,2020-02-01
4786,1,2020-02-01
4787,1,2020-03-01
4788,1,2020-02-01
4789,1,2020-07-01
4790,1,2020-04-01
4791,1,2020-02-01
4792,1,2020-01-01
4793,1,2020-03-01
4794,1,2020-06-01
4795,1,2020-03-01
4796,1,2020-01-01
4797,1,2020-02-01
4798,1,2020-06-01
4799,1,2020-02-01
4800,1,2020-09-01
4801,1,2020-01-01
4802,1,2020-03-01
4803,1,2020-01-01
4804,1,2020-03-01
4805,1,2020-01-01
4806,1,2020-03-01
4807,1,2020-05-01
4808,1,2020-02-01
4809,1,2020-02-01
4810,1,2020-12-01
4811,1,2020-02-01
4812,1,2020-06-01
4813,1,2020-05-01
4814,1,2020-04-01
4815,1,2020-05-01
4816,1,2020-03-01
4817,1,2020-04-01
4818,1,2020-07-01
4819,1,2020-12-01
4820,1,2020-02-01
4821,1,2020-05-01
4822,1,2020-04-01
4823,1,2020-03-01
4824,1,2020-04-01
4825,1,2020-04-01
4826,1,2020-07-01
4827,1,2020-04-01
4828,1,2020-06-01
4829,1,2020-12-01
4830,1,2020-02-01
4831,1,2020-05-01
4832,1,2020-06-01
4833,1,2020-03-01
4834,1,2020-05-01
4835,1,2020-06-01
4836,1,2020-02-01
4837,1,2020-05-01
4838,1,2020-01-01
4839,1,2020-01-01
4840,1,2020-02-01
4841,1,2020-02-01
4842,1,2020-03-01
4843,1,2020-06-01
4844,1,2020-01-01
4845,1,2020-03-01
4846,1,2020-02-01
4847,1,2020-03-01
4848,1,2021-01-01
4849,1,2020-06-01
4850,1,2021-02-01
4851,1,2020-06-01
4852,1,2020-02-01
4853,1,2020-02-01
4854,1,2020-05-01
4855,1,2020-03-01
4856,1,2020-02-01
4857,1,2020-01-01
4858,1,2020-01-01
4859,1,2020-02-01
4860,1,2020-01-01
4861,1,2020-04-01
4862,1,2020-03-01
4863,1,2020-04-01
4864,1,2021-02-01
4865,1,2020-03-01
4866,1,2020-04-01
4867,1,2020-05-01
4868,1,2020-08-01
4869,1,2020-01-01
4870,1,2020-03-01
4871,1,2020-05-01
4872,1,2020-03-01
4873,1,2020-02-01
4874,1,2020-02-01
4875,1,2020-08-01
4876,1,2020-05-01
4877,1,2020-02-01
4878,1,2020-08-01
4879,1,2020-04-01
4880,1,2020-04-01
4881,1,2020-03-01
4882,1,2020-05-01
4883,1,2020-01-01
4884,1,2020-08-01
4885,1,2020-06-01
4886,1,2020-05-01
4887,1,2020-07-01
4888,1,2020-02-01
4889,1,2020-06-01
4890,1,2020-05-01
4891,1,2020-04-01
4892,1,2020-01-01
4893,1,2020-04-01
4894,1,2020-05-01
4895,1,2020-02-01
4896,1,2020-08-01
4897,1,2020-09-01
4898,1,2020-02-01
4899,1,2020-03-01
4900,1,2020-01-01
4901,1,2021-01-01
4902,1,2020-01-01
4903,1,2021-10-01
4904,1,2020-02-01
4905,1,2020-12-01
4906,1,2020-03-01
4907,1,2020-05-01
4908,1,2020-04-01
4909,1,2020-05-01
4910,1,2020-05-01
4911,1,2020-01-01
4912,1,2020-01-01
4913,1,2020-04-01
4914,1,2020-04-01
4915,1,2020-03-01
4916,1,2020-03-01
4917,1,2020-02-01
4918,1,2020-04-01
4919,1,2020-07-01
4920,1,2020-05-01
4921,1,2020-02-01
4922,1,2020-01-01
4923,1,2020-01-01
4924,1,2020-08-01
4925,1,2020-02-01
4926,1,2020-05-01
4927,1,2020-06-01
4928,1,2020-06-01
4929,1,2020-04-01
4930,1,2020-03-01
4931,1,2020-04-01
4932,1,2020-06-01
4933,1,2020-04-01
4934,1,2020-04-01
4935,1,2020-04-01
4936,1,2020-03-01
4937,1,2020-07-01
4938,1,2020-01-01
4939,1,2020-04-01
4940,1,2020-06-01
4941,1,2020-02-01
4942,1,2020-04-01
4943,1,2020-01-01
4944,1,2020-02-01
4945,1,2020-09-01
4946,1,2020-06-01
4947,1,2020-02-01
4948,1,2020-05-01
4949,1,2020-06-01
4950,1,2020-02-01
4951,1,2020-04-01
4952,1,2020-11-01
4953,1,2020-08-01
4954,1,2020-01-01
4955,1,2020-01-01
4956,1,2020-02-01
4957,1,2020-01-01
4958,1,2020-01-01
4959,1,2020-02-01
4960,1,2020-06-01
4961,1,2020-07-01
4962,1,2020-04-01
4963,1,2020-05-01
4964,1,2020-11-01
4965,1,2020-05-01
4966,1,2020-03-01
4967,1,2020-01-01
4968,1,2020-02-01
4969,1,2020-03-01
4970,1,2020-02-01
4971,1,2020-02-01
4972,1,2020-04-01
4973,1,2020-03-01
4974,1,2020-03-01
4975,1,2020-08-01
4976,1,2020-11-01
4977,1,2020-03-01
4978,1,2020-03-01
4979,1,2020-07-01
4980,1,2020-07-01
4981,1,2020-04-01
4982,1,2020-05-01
4983,1,2020-05-01
4984,1,2020-04-01
4985,1,2020-06-01
4986,1,2020-06-01
4987,1,2020-04-01
4988,1,2020-03-01
4989,1,2021-07-01
4990,1,2021-03-01
4991,1,2020-05-01
4992,1,2020-02-01
4993,1,2020-06-01
4994,1,2020-03-01
4995,1,2020-04-01
4996,1,2020-04-01
4997,1,2020-06-01
4998,1,2020-05-01
4999,1,2020-02-01
5000,1,2020-01-01
