customer_id,revenue_loss_6m
1,8219.59
2,13905.78
3,12888.82
4,8758.56
5,34717.68
6,16919.61
7,11681.49
8,15824.87
9,17531.04
10,18999.3
11,26425.43
12,19152.1
13,14598.91
14,18480.75
15,12696.88
16,13008.45
17,13089.87
18,14379.35
19,16051.54
20,13949.25
21,29804.81
22,19095.06
23,10274.8
24,20770.14
25,19778.91
26,15005.72
27,12391.95
28,24602.22
29,14210.84
30,11846.34
31,26668.66
32,23102.92
33,21455.3
34,41586.6
35,10032.9
36,32909.04
37,7055.78
38,41793.98
39,36936.9
40,13081.42
41,6765.9
42,15832.28
43,9793.89
44,18637.51
45,26472.59
46,7724.88
47,33470.63
48,30350.0
49,27540.23
50,11325.74
51,9275.27
52,29681.29
53,20080.92
54,11713.24
55,26390.55
56,51087.11
57,22330.79
58,48373.33
59,23878.8
60,14542.87
61,16852.85
62,27785.84
63,16174.06
64,26447.51
65,11506.08
66,10554.65
67,24861.21
68,19329.18
69,13297.99
70,22702.39
71,43246.7
72,24208.56
73,16284.07
74,16805.35
75,16131.9
76,25130.4
77,8782.91
78,27683.49
79,19027.39
80,7890.58
81,15189.65
82,16476.12
83,20648.18
84,41274.6
85,12621.8
86,13516.18
87,14263.37
88,18647.37
89,13977.83
90,21432.7
91,33522.1
92,21292.23
93,31484.69
94,22225.54
95,11030.96
96,48867.76
97,15092.6
98,8784.13
99,33781.96
100,37913.13
101,15775.33
102,10959.49
103,20529.52
104,23310.15
105,38784.02
106,23067.34
107,23365.89
108,41799.49
109,16635.67
110,27771.28
111,10832.68
112,14287.56
113,15170.03
114,14592.55
115,17419.1
116,38702.61
117,8531.25
118,14458.36
119,39635.76
120,21106.37
121,4989.61
122,17457.97
123,6685.14
124,13993.36
125,3097.44
126,13182.94
127,8945.39
128,20664.68
129,6060.91
130,12455.93
131,10779.64
132,22129.76
133,27034.26
134,27311.05
135,17190.21
136,29393.94
137,9763.22
138,6658.46
139,21782.57
140,42109.99
141,15865.29
142,11143.82
143,7553.34
144,28645.94
145,24825.56
146,18578.92
147,16042.56
148,15017.79
149,8894.68
150,19651.83
151,9584.67
152,7739.67
153,15876.17
154,18283.37
155,8735.72
156,23056.7
157,20034.31
158,18783.74
159,20226.31
160,11513.39
161,12243.3
162,16019.45
163,6252.74
164,34449.05
165,9146.98
166,17459.15
167,36367.61
168,35104.35
169,23590.64
170,13525.04
171,29664.69
172,23652.63
173,13000.37
174,9286.08
175,4281.23
176,19771.51
177,21746.01
178,30281.81
179,14586.17
180,21838.33
181,12486.96
182,22960.62
183,8646.19
184,19905.67
185,6191.2
186,22108.15
187,6309.15
188,12558.48
189,27812.37
190,12149.86
191,8400.13
192,31362.21
193,20994.7
194,14126.28
195,22299.0
196,63577.53
197,35273.82
198,38973.72
199,22678.97
200,24266.1
201,3783.48
202,10257.44
203,16500.89
204,8977.78
205,8718.42
206,6476.8
207,15472.33
208,26075.54
209,18792.15
210,22680.37
211,8839.05
212,7370.78
213,8236.21
214,6526.62
215,14013.28
216,18887.74
217,11406.13
218,23433.31
219,18402.5
220,14228.91
221,37974.98
222,7845.1
223,24380.91
224,16056.39
225,19130.97
226,24639.2
227,22604.51
228,8450.32
229,20657.23
230,26350.92
231,12562.66
232,18437.01
233,23525.65
234,42087.45
235,9020.09
236,20790.68
237,11117.13
238,28545.24
239,5927.9
240,13583.69
241,13642.11
242,8956.25
243,7888.94
244,10302.98
245,29608.24
246,11855.6
247,29758.54
248,25595.34
249,20766.3
250,11803.82
251,24133.03
252,13775.37
253,11234.21
254,8162.01
255,21800.71
256,17410.26
257,11817.98
258,7450.77
259,17818.33
260,11827.2
261,14332.2
262,31039.16
263,19497.07
264,11176.47
265,4943.43
266,58364.91
267,28946.69
268,24022.89
269,14798.1
270,14593.66
271,12237.93
272,34713.34
273,16220.58
274,12843.43
275,17064.0
276,20980.22
277,40587.69
278,33678.86
279,29782.74
280,18601.82
281,3841.05
282,21382.47
283,23169.25
284,22098.99
285,12783.71
286,8764.66
287,14899.11
288,22539.0
289,27108.79
290,35239.47
291,30028.81
292,16501.87
293,13988.71
294,22029.53
295,23670.46
296,18846.39
297,23915.86
298,28984.61
299,37984.82
300,20107.78
301,2802.38
302,28188.65
303,13600.14
304,11942.1
305,19155.97
306,17824.22
307,16718.3
308,10241.21
309,6857.62
310,21520.35
311,29506.63
312,14684.96
313,15148.7
314,7424.99
315,17390.71
316,24288.31
317,30202.79
318,5193.66
319,20199.34
320,10738.86
321,5487.82
322,23882.12
323,26637.17
324,25126.67
325,27003.26
326,9452.91
327,14472.87
328,43711.93
329,12343.71
330,17937.26
331,22070.63
332,9464.23
333,8185.87
334,9607.49
335,28333.84
336,21462.51
337,17444.34
338,10800.43
339,32001.29
340,9899.6
341,14856.44
342,11459.02
343,18674.53
344,40814.29
345,12686.97
346,10809.36
347,22817.72
348,11520.46
349,55394.78
350,16199.98
351,11034.24
352,7271.89
353,6012.76
354,7007.82
355,24030.76
356,32223.93
357,26853.19
358,13087.18
359,16902.63
360,20551.06
361,15285.93
362,36682.35
363,18045.79
364,21023.84
365,7396.15
366,13852.74
367,23539.49
368,6948.21
369,9435.71
370,28359.24
371,10449.92
372,20956.99
373,11384.94
374,12035.24
375,7970.59
376,23187.68
377,49487.07
378,15477.25
379,11664.0
380,21128.01
381,15958.45
382,40341.27
383,26873.32
384,4850.38
385,6975.67
386,20559.7
387,14622.34
388,7462.02
389,8752.72
390,8231.78
391,12901.82
392,61734.63
393,25354.52
394,41487.87
395,28105.92
396,24823.06
397,33216.3
398,12754.83
399,12010.67
400,22859.84
401,42868.57
402,8796.39
403,9904.62
404,11954.63
405,31717.64
406,19461.65
407,10894.0
408,51792.93
409,10287.28
410,13060.41
411,11103.43
412,37462.15
413,22938.22
414,14832.36
415,25457.31
416,24839.89
417,18887.58
418,32811.55
419,14913.18
420,16474.31
421,9231.4
422,10525.67
423,25933.44
424,36495.34
425,21614.96
426,27043.67
427,19277.91
428,16100.21
429,15315.68
430,13955.24
431,18302.28
432,33096.55
433,13666.03
434,31859.15
435,23349.95
436,22662.04
437,11077.46
438,11431.89
439,22010.08
440,10914.04
441,12829.56
442,14316.17
443,58707.87
444,10985.28
445,9200.22
446,19700.82
447,12749.59
448,15202.26
449,19814.1
450,38058.4
451,7060.31
452,10936.92
453,16188.69
454,32832.13
455,40448.34
456,24826.32
457,18257.78
458,9222.79
459,12098.21
460,9554.56
461,29611.55
462,24064.07
463,11462.33
464,10587.23
465,24796.07
466,24457.8
467,29038.13
468,17621.23
469,46966.97
470,17932.24
471,18056.04
472,13386.63
473,12068.38
474,6659.17
475,17622.94
476,19926.41
477,11510.07
478,9903.45
479,27900.17
480,19550.76
481,17846.04
482,17443.65
483,12593.24
484,19302.5
485,12647.59
486,11786.81
487,46107.27
488,15496.65
489,13907.71
490,6108.41
491,24945.86
492,18795.92
493,23312.98
494,14822.65
495,11396.61
496,28894.12
497,18517.38
498,22547.31
499,31360.28
500,19884.33
501,16460.43
502,35954.49
503,25431.53
504,14638.44
505,36903.21
506,7109.29
507,36868.41
508,6551.34
509,8330.09
510,12704.63
511,21748.05
512,31453.38
513,10296.36
514,24711.46
515,9227.48
516,16587.51
517,15914.69
518,22462.88
519,11306.43
520,14304.9
521,17903.34
522,32575.4
523,17298.2
524,15222.32
525,15675.43
526,18039.61
527,31699.12
528,12347.81
529,8655.59
530,11666.44
531,12831.56
532,11441.24
533,10126.67
534,28755.24
535,18141.27
536,14696.81
537,19299.69
538,13124.43
539,16750.1
540,14485.08
541,9107.19
542,31729.72
543,18969.63
544,12837.38
545,13580.97
546,13462.91
547,20461.4
548,37838.98
549,11654.04
550,22985.46
551,7287.39
552,21253.35
553,14985.62
554,9953.8
555,9488.4
556,29053.57
557,17756.51
558,15572.9
559,9626.37
560,23777.68
561,10772.52
562,4303.09
563,26505.43
564,13919.19
565,26979.73
566,15039.58
567,25534.1
568,24262.54
569,9710.22
570,8436.33
571,20539.13
572,33462.27
573,14140.13
574,12862.05
575,13985.61
576,9741.19
577,17795.65
578,6652.14
579,29698.63
580,11468.55
581,15621.02
582,14105.58
583,42671.37
584,7447.72
585,49186.81
586,22981.75
587,20733.94
588,13858.43
589,29189.78
590,12674.21
591,21343.73
592,10187.89
593,19160.15
594,14418.24
595,11626.35
596,25561.6
597,27082.46
598,38707.65
599,8511.57
600,29712.71
601,59754.69
602,11359.97
603,43057.21
604,20350.65
605,10806.05
606,16777.43
607,30782.61
608,15239.35
609,10966.35
610,21920.84
611,12753.8
612,23890.36
613,16122.75
614,25097.61
615,10414.91
616,25269.31
617,12809.55
618,23106.03
619,16530.17
620,20167.04
621,19008.65
622,14762.2
623,18539.05
624,8200.08
625,5668.78
626,9912.54
627,12531.36
628,15213.73
629,23357.08
630,12237.35
631,15547.32
632,8322.36
633,19969.22
634,40262.43
635,34596.95
636,15684.3
637,20325.93
638,40612.26
639,21072.21
640,22612.8
641,19081.73
642,10888.29
643,8263.46
644,10830.67
645,12808.65
646,45022.4
647,17028.44
648,34267.36
649,14475.51
650,16899.32
651,10724.49
652,9702.67
653,29458.79
654,13635.97
655,30742.7
656,22741.87
657,16140.87
658,41488.35
659,20715.62
660,26933.27
661,9022.15
662,26227.1
663,33765.76
664,20318.42
665,7702.74
666,23364.98
667,22083.65
668,16358.59
669,14918.44
670,8714.17
671,12356.87
672,23783.9
673,15943.94
674,22236.81
675,20468.49
676,18602.17
677,16267.29
678,8609.23
679,7897.14
680,26629.37
681,21952.1
682,16905.99
683,6197.25
684,23918.42
685,9759.37
686,28106.2
687,34389.34
688,4505.31
689,11332.54
690,13505.43
691,31873.39
692,6892.0
693,40699.62
694,12699.42
695,14009.15
696,18444.98
697,16456.66
698,22889.07
699,11844.46
700,20072.16
701,11555.84
702,15429.46
703,65928.79
704,21780.99
705,30274.53
706,26806.8
707,6016.47
708,44397.42
709,6780.36
710,16237.86
711,10194.4
712,23885.74
713,14020.22
714,10914.2
715,13369.94
716,9134.94
717,8874.79
718,21375.09
719,29394.8
720,36805.4
721,12953.03
722,27648.64
723,10563.75
724,36710.13
725,32366.17
726,21737.66
727,16825.6
728,17612.99
729,26111.46
730,11018.72
731,9167.29
732,15037.36
733,38954.09
734,38604.18
735,6551.72
736,8601.75
737,20700.72
738,13063.79
739,24270.78
740,13042.71
741,33124.45
742,8420.68
743,28712.56
744,18943.99
745,19975.71
746,8168.18
747,8120.46
748,11409.66
749,16830.96
750,10868.5
751,9769.52
752,27186.78
753,27177.33
754,12471.61
755,19164.3
756,13202.67
757,13219.87
758,32385.06
759,21940.77
760,19059.42
761,40222.73
762,10286.7
763,17133.95
764,24058.08
765,14889.48
766,17473.89
767,14556.53
768,11141.81
769,24592.31
770,26724.74
771,21825.89
772,32783.12
773,16065.39
774,34045.71
775,11582.31
776,18607.24
777,16626.99
778,13690.45
779,27593.57
780,6739.76
781,10101.63
782,17132.52
783,6047.86
784,23919.15
785,23056.6
786,24576.59
787,8500.49
788,33492.1
789,46975.7
790,23189.56
791,25826.01
792,15770.95
793,16836.74
794,17560.47
795,18725.83
796,23362.46
797,35412.4
798,5912.33
799,21407.26
800,9934.03
801,24176.19
802,8579.89
803,7915.04
804,20192.89
805,50432.16
806,26925.24
807,12583.78
808,21081.07
809,21269.66
810,10700.1
811,10824.08
812,14174.1
813,7117.4
814,11200.88
815,20979.55
816,25587.29
817,15846.64
818,17634.85
819,19822.26
820,13174.16
821,18005.6
822,20790.74
823,23906.11
824,23801.45
825,15025.81
826,19286.95
827,82043.46
828,25010.41
829,17323.92
830,11564.58
831,15106.55
832,18884.45
833,17055.11
834,6977.96
835,5883.47
836,13211.18
837,14213.09
838,20282.36
839,23087.01
840,9306.47
841,10774.6
842,28129.79
843,16415.86
844,23268.94
845,33861.97
846,16157.51
847,17931.22
848,20013.31
849,7665.88
850,16913.63
851,32944.27
852,17078.77
853,21061.54
854,13648.33
855,12917.54
856,21367.64
857,17157.95
858,21421.66
859,18650.96
860,35678.87
861,30402.36
862,11298.51
863,11297.16
864,25433.83
865,19352.06
866,13749.46
867,18681.42
868,22941.56
869,14304.6
870,17720.01
871,11642.9
872,46234.63
873,13290.51
874,26185.14
875,21233.67
876,9165.71
877,11880.91
878,25386.17
879,24354.36
880,13336.1
881,9685.15
882,24341.87
883,25565.32
884,11694.26
885,12492.57
886,25675.41
887,24177.81
888,18116.28
889,20246.41
890,13689.59
891,6924.79
892,9286.55
893,12002.0
894,17958.72
895,10289.18
896,6396.67
897,18289.28
898,21347.63
899,32401.62
900,22477.35
901,11053.9
902,7404.49
903,22778.9
904,26023.37
905,13168.08
906,5715.44
907,15213.36
908,11011.45
909,27605.02
910,23473.38
911,17636.26
912,16821.6
913,15353.45
914,26706.24
915,21038.17
916,23709.41
917,17834.88
918,23184.14
919,21813.03
920,13096.52
921,26385.44
922,27572.78
923,24461.53
924,13669.53
925,16298.02
926,8178.23
927,10017.18
928,20582.62
929,21322.01
930,7724.01
931,10061.57
932,17171.67
933,13309.32
934,34406.5
935,28780.88
936,20544.51
937,11170.44
938,9945.35
939,40759.34
940,15288.81
941,15072.74
942,28883.22
943,13845.71
944,18886.96
945,25424.53
946,11534.23
947,17070.91
948,17757.17
949,16894.5
950,30138.0
951,34788.2
952,10865.15
953,7179.78
954,8238.71
955,20955.67
956,15465.05
957,15266.73
958,14115.07
959,7425.84
960,9774.9
961,20560.61
962,13908.6
963,15801.7
964,8467.98
965,17557.5
966,21831.54
967,18222.41
968,13094.08
969,20846.59
970,7921.12
971,30465.34
972,19516.33
973,5072.06
974,16979.82
975,21408.61
976,19650.74
977,17770.82
978,9685.09
979,18338.54
980,13668.8
981,5432.18
982,10458.78
983,30708.17
984,17000.93
985,33823.84
986,26901.25
987,21469.45
988,15890.83
989,17377.28
990,17035.6
991,18845.99
992,19291.05
993,13073.34
994,12272.92
995,11762.16
996,49227.32
997,28901.61
998,16544.59
999,10532.39
1000,25598.0
1001,10971.39
1002,24089.96
1003,10666.49
1004,21792.56
1005,14565.71
1006,11364.17
1007,23953.21
1008,6600.47
1009,24869.51
1010,14854.64
1011,11242.91
1012,10739.82
1013,10276.89
1014,18232.06
1015,15660.12
1016,15285.7
1017,33763.72
1018,14345.43
1019,10407.5
1020,19067.89
1021,24898.17
1022,23281.36
1023,13298.64
1024,17780.49
1025,9967.78
1026,26083.98
1027,10929.66
1028,12215.72
1029,7029.89
1030,17719.09
1031,16721.59
1032,14484.21
1033,19648.33
1034,13537.36
1035,24258.41
1036,14914.48
1037,13254.52
1038,61437.97
1039,16120.24
1040,17701.3
1041,23832.05
1042,26790.91
1043,21499.35
1044,17455.18
1045,10480.18
1046,15238.6
1047,21229.5
1048,20411.46
1049,15643.75
1050,21282.01
1051,24752.35
1052,10110.29
1053,9965.69
1054,9592.35
1055,14708.05
1056,23649.61
1057,12325.24
1058,13123.61
1059,20099.52
1060,14288.81
1061,27231.83
1062,14035.59
1063,16721.42
1064,15040.9
1065,20128.11
1066,7683.9
1067,15926.19
1068,24744.96
1069,24450.44
1070,21280.64
1071,18571.02
1072,23890.17
1073,14337.11
1074,24718.44
1075,16402.55
1076,13698.67
1077,13096.33
1078,15214.54
1079,16671.31
1080,14864.39
1081,12818.74
1082,23321.23
1083,19264.23
1084,25933.59
1085,11322.35
1086,25806.16
1087,8301.74
1088,12348.14
1089,30615.49
1090,14127.69
1091,31507.55
1092,26046.29
1093,14163.06
1094,7721.82
1095,18504.75
1096,13165.05
1097,20587.2
1098,33205.66
1099,8538.53
1100,23433.71
1101,32251.26
1102,33322.58
1103,28809.12
1104,8840.99
1105,20799.83
1106,7161.49
1107,21188.56
1108,18889.31
1109,12404.34
1110,20547.77
1111,26464.49
1112,8636.89
1113,5485.45
1114,17586.34
1115,11606.74
1116,9252.23
1117,7228.11
1118,11001.01
1119,20814.65
1120,18950.72
1121,23246.9
1122,47567.58
1123,12770.78
1124,28516.44
1125,15107.52
1126,15984.55
1127,12546.61
1128,28836.22
1129,24009.02
1130,12390.1
1131,13639.89
1132,16774.6
1133,17805.45
1134,6705.94
1135,18346.1
1136,25106.42
1137,21560.19
1138,26753.23
1139,24781.45
1140,16380.77
1141,13927.32
1142,18098.56
1143,25583.56
1144,6796.66
1145,11633.12
1146,6423.06
1147,20281.41
1148,13961.26
1149,18888.0
1150,26425.42
1151,25147.27
1152,6602.07
1153,20555.27
1154,19111.36
1155,5115.91
1156,14421.97
1157,10505.56
1158,12658.75
1159,8428.22
1160,19296.65
1161,10801.46
1162,17416.98
1163,19578.43
1164,11181.6
1165,22876.55
1166,15931.66
1167,8472.37
1168,19296.21
1169,43793.95
1170,28815.87
1171,20807.56
1172,8960.03
1173,9968.0
1174,22994.71
1175,42578.58
1176,30250.74
1177,9842.11
1178,7228.43
1179,10703.48
1180,9380.53
1181,13122.68
1182,31912.62
1183,15548.97
1184,12475.73
1185,42336.5
1186,10061.02
1187,43931.14
1188,55697.91
1189,13172.57
1190,11870.79
1191,18772.63
1192,9476.18
1193,8538.19
1194,40661.71
1195,34804.01
1196,19462.39
1197,10314.1
1198,12646.75
1199,15466.64
1200,16826.05
1201,13410.84
1202,31290.99
1203,24213.01
1204,38037.65
1205,13300.82
1206,12914.02
1207,17937.36
1208,23330.22
1209,28293.18
1210,15915.2
1211,38759.33
1212,25714.9
1213,33513.16
1214,14556.21
1215,12080.75
1216,21911.83
1217,46288.27
1218,16396.2
1219,21389.44
1220,38166.28
1221,4487.42
1222,10926.85
1223,27674.31
1224,16227.4
1225,25434.21
1226,11222.99
1227,15113.23
1228,10145.78
1229,21798.79
1230,20288.32
1231,25919.03
1232,44257.52
1233,18295.86
1234,12215.07
1235,10157.79
1236,9435.15
1237,11040.88
1238,19860.45
1239,12868.68
1240,21916.03
1241,20080.65
1242,20550.02
1243,14019.26
1244,9540.5
1245,13659.81
1246,8632.01
1247,16575.43
1248,14800.01
1249,12386.64
1250,18638.53
1251,30650.42
1252,25078.66
1253,24071.57
1254,29261.13
1255,15438.39
1256,15060.95
1257,23813.21
1258,28941.44
1259,41716.9
1260,32137.59
1261,15659.35
1262,18656.56
1263,23980.1
1264,21937.95
1265,24871.62
1266,14413.7
1267,12740.15
1268,9310.28
1269,13893.17
1270,17865.15
1271,8531.14
1272,17811.55
1273,16647.13
1274,12783.81
1275,31775.59
1276,17726.88
1277,38195.16
1278,16274.78
1279,9964.07
1280,13941.43
1281,11095.82
1282,14735.05
1283,16960.97
1284,25435.0
1285,13305.15
1286,11056.08
1287,9579.6
1288,13971.5
1289,11607.36
1290,44247.74
1291,14599.68
1292,5948.55
1293,27405.93
1294,24462.09
1295,9018.45
1296,10944.95
1297,29994.5
1298,23147.35
1299,5773.33
1300,15734.18
1301,29447.67
1302,11212.4
1303,14651.39
1304,17209.59
1305,11850.29
1306,9932.35
1307,22547.59
1308,6499.29
1309,12641.69
1310,28594.62
1311,11085.0
1312,14099.37
1313,39691.43
1314,15856.07
1315,17243.5
1316,20437.1
1317,37281.8
1318,20827.69
1319,14024.74
1320,13067.74
1321,22673.47
1322,14584.54
1323,34091.29
1324,9047.39
1325,7383.17
1326,14759.24
1327,16342.78
1328,10716.56
1329,4945.25
1330,23173.13
1331,15751.49
1332,20049.32
1333,18937.84
1334,20145.7
1335,34394.63
1336,7267.64
1337,18537.76
1338,8618.31
1339,11285.74
1340,11255.9
1341,16542.09
1342,22262.43
1343,14521.97
1344,6530.95
1345,11116.09
1346,12796.32
1347,13184.95
1348,7610.16
1349,19880.51
1350,10597.17
1351,11528.82
1352,31190.07
1353,18122.69
1354,10913.38
1355,12412.77
1356,17010.18
1357,14235.97
1358,9992.66
1359,62531.7
1360,13626.42
1361,4669.97
1362,36588.94
1363,23508.05
1364,9981.4
1365,11458.26
1366,20011.74
1367,19736.43
1368,6150.16
1369,28262.31
1370,11591.98
1371,34050.11
1372,23783.85
1373,8703.53
1374,18861.68
1375,8228.66
1376,5301.34
1377,10473.82
1378,25170.79
1379,9280.06
1380,16387.12
1381,20156.94
1382,23595.96
1383,11536.59
1384,28420.45
1385,23665.44
1386,4380.64
1387,16050.71
1388,19709.76
1389,23272.52
1390,16277.04
1391,14760.59
1392,21106.47
1393,10676.98
1394,16757.32
1395,46488.65
1396,7629.8
1397,9414.6
1398,12641.74
1399,16199.14
1400,8695.54
1401,26319.4
1402,17095.18
1403,26713.76
1404,10380.88
1405,30691.11
1406,21124.74
1407,32809.51
1408,13476.76
1409,15910.89
1410,28899.96
1411,47431.17
1412,12043.38
1413,32338.72
1414,19777.45
1415,13901.67
1416,5644.88
1417,10242.62
1418,11762.8
1419,9587.41
1420,11947.27
1421,13842.19
1422,18387.3
1423,21959.94
1424,11153.6
1425,8475.05
1426,25035.89
1427,12002.5
1428,27685.34
1429,13187.72
1430,28700.52
1431,39831.39
1432,14017.63
1433,8830.3
1434,27421.18
1435,23029.43
1436,17445.91
1437,34841.37
1438,11710.81
1439,20640.72
1440,11990.44
1441,12049.42
1442,14748.95
1443,41411.59
1444,24133.62
1445,22090.79
1446,18294.7
1447,17905.04
1448,19935.8
1449,26548.84
1450,19443.2
1451,24407.33
1452,14056.31
1453,14237.81
1454,13638.15
1455,5403.06
1456,14591.95
1457,15862.22
1458,20530.98
1459,17530.81
1460,23938.89
1461,26847.01
1462,33288.31
1463,21107.27
1464,19612.25
1465,36870.85
1466,11008.24
1467,9435.54
1468,28346.78
1469,22379.23
1470,16605.86
1471,7553.97
1472,12990.48
1473,17144.98
1474,19422.54
1475,10681.64
1476,10491.04
1477,8169.89
1478,32914.97
1479,10208.03
1480,12799.21
1481,13115.03
1482,7327.61
1483,11774.64
1484,7588.49
1485,11456.52
1486,25307.55
1487,12543.11
1488,37279.09
1489,33721.61
1490,27373.73
1491,13385.36
1492,21875.15
1493,11604.19
1494,19096.25
1495,12087.71
1496,25520.73
1497,27632.4
1498,9420.53
1499,18217.11
1500,29437.37
1501,23483.16
1502,18698.83
1503,6536.16
1504,18112.39
1505,23653.13
1506,25767.14
1507,9941.76
1508,18086.96
1509,11492.76
1510,29325.95
1511,17584.73
1512,15217.53
1513,14874.61
1514,10355.41
1515,7305.43
1516,12648.88
1517,24904.29
1518,19532.79
1519,12519.47
1520,16929.55
1521,13658.19
1522,20685.11
1523,17274.8
1524,12508.1
1525,19806.13
1526,16686.25
1527,13774.43
1528,11246.82
1529,6037.12
1530,44185.39
1531,20929.6
1532,11135.41
1533,12808.1
1534,13236.11
1535,36470.82
1536,7600.67
1537,24112.37
1538,13428.98
1539,17639.54
1540,19968.44
1541,5466.64
1542,17854.73
1543,8414.84
1544,22417.34
1545,41154.56
1546,9012.79
1547,10221.46
1548,9756.39
1549,19344.36
1550,21924.47
1551,18876.16
1552,14404.37
1553,14188.26
1554,17382.9
1555,15556.42
1556,14001.9
1557,19616.36
1558,20731.74
1559,28790.13
1560,10690.86
1561,16105.49
1562,21027.54
1563,14045.0
1564,17036.28
1565,14921.25
1566,11760.05
1567,35886.45
1568,8737.13
1569,11065.05
1570,15191.89
1571,14387.26
1572,46346.28
1573,7293.76
1574,17739.88
1575,4590.11
1576,22018.53
1577,25518.68
1578,39186.0
1579,22726.8
1580,18439.99
1581,15137.53
1582,17568.54
1583,11477.0
1584,15743.15
1585,6614.52
1586,35917.54
1587,19752.19
1588,30227.67
1589,15196.77
1590,25399.3
1591,21298.38
1592,19910.96
1593,15495.92
1594,25325.95
1595,12854.67
1596,8784.93
1597,33713.49
1598,20400.6
1599,12316.13
1600,34129.63
1601,17454.71
1602,30111.03
1603,19085.75
1604,8928.38
1605,50997.89
1606,20722.3
1607,11710.2
1608,31733.99
1609,14450.01
1610,19834.81
1611,3814.96
1612,6874.31
1613,32814.85
1614,19917.74
1615,12917.29
1616,11968.22
1617,28759.03
1618,19948.42
1619,16236.41
1620,9010.03
1621,32509.58
1622,42227.79
1623,19683.36
1624,33568.83
1625,9369.69
1626,7849.69
1627,10292.39
1628,20044.32
1629,13913.11
1630,16165.43
1631,22048.96
1632,31309.16
1633,8883.7
1634,15124.51
1635,27128.4
1636,10811.79
1637,11672.84
1638,28478.41
1639,6418.71
1640,10556.45
1641,17513.66
1642,15424.58
1643,32881.61
1644,11733.36
1645,35491.62
1646,16392.67
1647,19266.37
1648,23982.3
1649,12531.14
1650,4484.94
1651,13475.19
1652,11690.4
1653,16695.07
1654,20266.41
1655,15416.76
1656,36006.76
1657,6077.31
1658,31074.77
1659,14583.28
1660,19375.38
1661,17464.28
1662,13354.04
1663,21684.94
1664,37842.97
1665,21157.46
1666,20841.83
1667,9859.92
1668,26842.6
1669,40098.98
1670,11805.78
1671,9665.5
1672,11775.0
1673,10343.19
1674,4043.65
1675,16613.96
1676,15581.53
1677,6534.87
1678,32515.12
1679,9998.03
1680,12843.19
1681,41233.48
1682,7524.52
1683,10633.17
1684,18919.6
1685,36826.72
1686,6209.02
1687,15624.42
1688,18197.11
1689,5621.07
1690,16614.1
1691,32447.62
1692,10336.35
1693,20408.63
1694,25851.2
1695,19124.83
1696,15174.11
1697,10023.33
1698,19465.94
1699,18608.1
1700,11831.79
1701,5508.45
1702,36891.35
1703,15899.35
1704,9371.8
1705,30937.15
1706,37727.46
1707,5237.25
1708,17319.65
1709,7416.76
1710,14993.1
1711,22027.55
1712,21861.37
1713,12209.62
1714,8107.12
1715,17605.48
1716,27577.32
1717,34424.93
1718,13157.51
1719,28527.45
1720,11255.94
1721,13016.77
1722,11198.02
1723,23266.24
1724,31574.3
1725,8042.03
1726,11758.94
1727,23104.86
1728,59781.85
1729,15295.65
1730,41324.02
1731,52759.49
1732,15209.91
1733,13124.78
1734,16462.03
1735,14783.31
1736,10464.21
1737,19789.41
1738,21136.61
1739,13675.18
1740,13727.24
1741,10572.28
1742,24689.33
1743,12487.04
1744,12790.97
1745,10631.58
1746,18447.5
1747,16788.03
1748,18577.31
1749,25857.34
1750,24183.39
1751,30602.4
1752,14555.07
1753,23489.74
1754,40336.01
1755,22617.44
1756,29291.28
1757,25104.2
1758,9275.38
1759,24238.0
1760,19297.75
1761,18748.94
1762,23082.43
1763,19065.62
1764,18711.89
1765,12109.47
1766,22738.76
1767,13822.08
1768,11492.92
1769,7133.68
1770,22860.01
1771,21768.66
1772,14346.64
1773,9765.2
1774,10535.17
1775,27447.77
1776,25715.11
1777,8654.26
1778,40415.58
1779,13256.37
1780,17986.89
1781,16908.46
1782,9965.36
1783,31243.49
1784,10544.05
1785,13131.62
1786,20868.05
1787,7256.64
1788,9601.55
1789,14405.26
1790,16747.67
1791,17848.33
1792,10494.29
1793,45250.32
1794,11260.81
1795,9781.8
1796,15917.31
1797,21416.67
1798,14331.35
1799,26275.4
1800,6842.9
1801,20586.28
1802,24361.52
1803,27028.76
1804,20806.42
1805,23043.54
1806,13483.52
1807,38205.17
1808,20443.62
1809,12336.28
1810,11500.21
1811,13913.65
1812,20518.02
1813,7589.76
1814,12465.05
1815,24639.5
1816,10668.58
1817,16053.89
1818,13275.59
1819,15605.21
1820,17505.04
1821,15359.41
1822,25417.94
1823,24169.57
1824,13398.71
1825,9321.48
1826,16337.64
1827,19617.08
1828,9359.16
1829,18497.6
1830,13049.68
1831,12209.27
1832,31347.94
1833,23677.11
1834,11254.41
1835,35998.48
1836,18065.44
1837,22195.7
1838,10897.2
1839,18730.01
1840,26732.98
1841,14740.88
1842,10187.75
1843,10478.26
1844,22918.99
1845,21690.33
1846,18259.0
1847,16823.55
1848,10590.04
1849,16322.45
1850,22876.67
1851,13631.94
1852,13279.4
1853,14025.29
1854,22641.08
1855,13797.08
1856,36530.82
1857,29774.11
1858,11994.2
1859,10491.81
1860,13572.65
1861,9907.04
1862,15361.03
1863,12155.04
1864,18360.33
1865,16727.44
1866,11834.11
1867,29939.67
1868,16035.35
1869,16071.45
1870,6287.56
1871,2412.72
1872,19413.03
1873,7234.4
1874,16631.56
1875,19855.25
1876,28325.67
1877,26970.85
1878,14084.8
1879,30770.35
1880,22096.34
1881,11486.5
1882,17437.17
1883,7967.46
1884,14237.78
1885,7729.68
1886,24648.23
1887,14704.3
1888,29300.81
1889,11440.6
1890,12243.36
1891,31917.8
1892,17755.44
1893,18398.63
1894,9828.71
1895,12929.81
1896,29099.56
1897,20525.47
1898,15955.36
1899,16435.98
1900,12612.22
1901,29118.12
1902,21094.09
1903,55396.73
1904,13461.45
1905,33011.5
1906,11712.21
1907,20410.2
1908,29683.06
1909,4661.96
1910,15236.73
1911,15620.78
1912,14910.49
1913,14274.76
1914,20419.04
1915,14556.83
1916,23750.81
1917,16820.97
1918,18672.39
1919,8714.11
1920,34364.46
1921,20269.23
1922,24391.03
1923,13379.05
1924,12698.82
1925,17326.29
1926,10705.7
1927,5329.9
1928,14025.14
1929,27970.2
1930,11259.27
1931,11446.55
1932,10744.97
1933,11840.64
1934,14639.03
1935,50922.86
1936,23822.6
1937,21002.27
1938,29490.68
1939,8258.57
1940,7033.4
1941,13023.48
1942,34409.34
1943,10934.31
1944,11855.77
1945,17255.85
1946,16349.83
1947,18653.9
1948,22258.4
1949,10801.47
1950,15265.05
1951,8562.38
1952,11699.76
1953,29544.64
1954,12205.18
1955,17435.4
1956,14784.74
1957,12387.0
1958,17887.13
1959,28438.74
1960,34323.69
1961,29738.86
1962,23609.3
1963,18964.66
1964,10690.4
1965,23770.37
1966,16776.15
1967,14426.07
1968,11560.85
1969,16211.32
1970,15875.77
1971,20922.49
1972,6944.51
1973,14470.41
1974,32899.48
1975,14982.88
1976,16271.71
1977,30004.45
1978,10698.84
1979,7388.79
1980,28081.54
1981,22481.48
1982,14276.94
1983,10312.59
1984,22426.72
1985,17406.09
1986,9514.2
1987,14744.82
1988,11195.98
1989,14819.9
1990,11179.13
1991,18966.78
1992,34996.38
1993,9502.02
1994,12774.64
1995,19494.23
1996,9764.95
1997,16887.81
1998,20252.28
1999,35194.35
2000,20412.28
2001,28514.69
2002,15207.96
2003,11513.44
2004,17163.81
2005,24126.02
2006,7416.12
2007,20339.58
2008,48849.88
2009,19466.48
2010,24887.36
2011,23844.43
2012,33059.18
2013,9383.01
2014,31775.74
2015,23444.49
2016,13857.62
2017,21130.15
2018,10923.34
2019,12260.05
2020,18084.2
2021,8305.32
2022,20637.45
2023,9651.49
2024,29112.8
2025,22855.83
2026,9573.65
2027,15527.8
2028,15036.05
2029,15678.99
2030,24005.18
2031,14587.54
2032,9915.62
2033,24882.8
2034,9501.74
2035,19874.7
2036,22525.0
2037,22802.04
2038,29401.19
2039,6972.06
2040,8071.49
2041,16786.64
2042,28248.2
2043,46611.27
2044,48887.32
2045,15151.8
2046,6506.59
2047,5628.31
2048,15612.98
2049,13123.45
2050,35720.24
2051,17913.39
2052,23754.57
2053,10009.92
2054,8619.85
2055,12152.9
2056,14863.62
2057,24664.24
2058,9189.03
2059,29978.38
2060,27373.19
2061,10053.76
2062,16210.52
2063,24364.78
2064,13800.05
2065,27913.48
2066,25557.4
2067,17565.08
2068,18451.21
2069,17375.65
2070,7850.73
2071,12941.48
2072,28526.94
2073,30269.1
2074,15189.48
2075,31044.2
2076,8861.77
2077,33736.79
2078,7637.7
2079,8236.33
2080,7708.43
2081,11366.18
2082,16154.02
2083,28568.71
2084,20706.59
2085,12921.41
2086,13263.48
2087,17166.13
2088,9338.37
2089,14639.26
2090,8914.29
2091,35257.27
2092,22828.46
2093,16347.38
2094,10081.43
2095,29998.53
2096,34991.34
2097,8793.93
2098,16246.97
2099,17453.61
2100,29998.44
2101,11012.96
2102,15744.04
2103,12601.39
2104,24099.07
2105,31588.81
2106,8835.64
2107,33749.31
2108,10710.41
2109,10641.98
2110,28447.04
2111,28934.81
2112,33706.26
2113,7933.44
2114,9880.75
2115,16072.95
2116,19365.42
2117,13913.23
2118,15258.47
2119,10929.26
2120,44799.78
2121,31018.45
2122,24346.66
2123,31695.36
2124,19547.8
2125,17455.05
2126,30681.07
2127,13818.56
2128,10926.78
2129,10587.22
2130,21388.48
2131,33398.29
2132,20623.01
2133,19098.5
2134,14499.24
2135,5162.7
2136,15677.46
2137,18753.4
2138,13443.8
2139,30132.99
2140,42360.52
2141,20491.94
2142,15682.01
2143,11224.36
2144,12941.34
2145,15869.01
2146,18863.02
2147,20952.3
2148,24304.33
2149,17031.21
2150,15770.21
2151,7304.99
2152,17555.99
2153,16901.85
2154,10876.89
2155,7805.39
2156,15961.3
2157,19742.83
2158,7826.52
2159,18745.49
2160,9971.31
2161,15092.1
2162,18058.0
2163,17296.62
2164,50909.13
2165,10793.12
2166,13405.92
2167,14782.22
2168,13219.67
2169,24467.07
2170,14255.16
2171,12892.8
2172,12240.11
2173,31247.7
2174,21531.16
2175,20203.25
2176,12050.72
2177,12034.4
2178,7132.65
2179,21707.56
2180,13501.01
2181,29901.7
2182,12259.68
2183,19824.55
2184,26907.77
2185,20588.5
2186,14639.03
2187,10690.94
2188,6477.46
2189,20140.08
2190,24627.1
2191,11648.07
2192,11546.53
2193,5614.81
2194,11265.3
2195,19946.63
2196,39025.66
2197,16124.01
2198,18267.59
2199,17046.31
2200,13752.17
2201,42855.99
2202,13615.95
2203,4510.48
2204,11995.53
2205,13089.89
2206,14262.2
2207,25470.89
2208,12614.12
2209,15625.77
2210,38189.21
2211,8519.35
2212,49294.94
2213,11279.9
2214,13770.09
2215,12070.7
2216,24527.94
2217,14454.24
2218,26825.81
2219,8090.34
2220,8776.28
2221,52648.4
2222,12363.88
2223,26721.87
2224,10889.15
2225,15946.03
2226,11823.59
2227,20933.78
2228,3871.93
2229,13892.53
2230,13719.59
2231,14100.5
2232,14567.29
2233,8420.11
2234,13841.78
2235,7584.97
2236,9323.35
2237,7023.61
2238,6128.78
2239,25192.56
2240,12431.45
2241,15021.04
2242,30125.78
2243,12718.37
2244,15682.12
2245,15192.44
2246,34210.03
2247,12633.02
2248,11830.0
2249,8412.74
2250,13967.74
2251,12683.34
2252,11371.83
2253,9057.02
2254,12250.36
2255,18421.64
2256,17737.46
2257,8901.91
2258,17452.4
2259,26500.42
2260,24216.01
2261,10437.99
2262,20170.71
2263,18158.89
2264,16387.95
2265,6250.01
2266,20146.04
2267,41742.74
2268,21348.03
2269,7544.01
2270,8879.06
2271,35232.27
2272,33905.25
2273,15726.87
2274,19319.42
2275,11170.96
2276,12558.04
2277,15754.79
2278,24589.71
2279,44251.44
2280,33323.27
2281,10865.68
2282,17368.31
2283,15323.79
2284,28056.14
2285,11630.25
2286,61030.87
2287,12563.13
2288,7055.26
2289,25081.57
2290,36224.49
2291,14241.53
2292,15814.07
2293,36658.78
2294,12704.56
2295,16258.98
2296,25608.36
2297,16308.67
2298,36818.76
2299,35025.25
2300,13800.87
2301,14925.53
2302,23259.65
2303,26699.37
2304,23302.94
2305,18476.53
2306,21125.78
2307,44021.56
2308,7724.4
2309,13770.8
2310,9293.76
2311,11826.36
2312,25360.89
2313,19543.98
2314,21491.21
2315,4670.88
2316,12043.63
2317,21296.74
2318,6003.85
2319,26616.3
2320,20178.58
2321,29454.27
2322,13044.77
2323,8698.31
2324,23086.66
2325,29366.28
2326,16684.53
2327,12455.98
2328,19198.32
2329,16232.12
2330,11988.71
2331,27718.39
2332,8123.32
2333,9521.96
2334,12529.9
2335,8160.24
2336,21297.97
2337,28544.84
2338,17387.41
2339,7721.95
2340,32011.37
2341,23081.56
2342,12625.87
2343,15863.47
2344,23376.19
2345,38495.45
2346,14597.37
2347,12098.22
2348,15293.78
2349,28919.36
2350,18260.6
2351,10995.98
2352,26669.93
2353,22051.55
2354,9527.92
2355,22124.74
2356,12001.09
2357,18684.72
2358,15256.89
2359,12321.61
2360,20990.21
2361,18995.02
2362,19442.45
2363,19523.12
2364,11455.01
2365,26783.46
2366,22867.59
2367,14427.81
2368,16995.39
2369,13990.45
2370,17557.23
2371,16340.84
2372,12215.24
2373,51674.94
2374,20344.98
2375,8506.7
2376,26574.11
2377,21344.82
2378,16605.97
2379,14398.14
2380,20663.72
2381,15535.16
2382,20697.24
2383,33936.53
2384,22270.3
2385,15308.62
2386,13565.18
2387,12935.56
2388,19753.12
2389,15121.13
2390,10750.4
2391,7371.33
2392,6910.2
2393,10171.72
2394,12658.59
2395,20803.67
2396,13644.22
2397,6300.28
2398,22156.81
2399,22921.94
2400,17442.82
2401,27135.35
2402,10599.5
2403,35290.84
2404,7945.66
2405,18551.79
2406,12682.99
2407,17711.88
2408,16778.46
2409,16024.88
2410,29668.26
2411,15755.15
2412,13398.65
2413,10900.15
2414,18807.78
2415,14262.33
2416,35063.25
2417,36511.0
2418,5164.75
2419,38577.07
2420,42694.88
2421,16485.1
2422,28642.01
2423,21626.07
2424,15820.18
2425,16116.32
2426,8884.51
2427,18564.74
2428,20896.99
2429,16069.13
2430,23094.17
2431,7657.59
2432,13659.75
2433,41721.5
2434,20841.32
2435,21004.8
2436,17511.62
2437,9015.88
2438,43908.09
2439,13885.53
2440,13668.01
2441,16145.55
2442,8723.48
2443,8025.58
2444,7917.37
2445,22681.26
2446,10017.34
2447,27699.71
2448,43140.1
2449,23518.78
2450,12143.69
2451,18090.72
2452,8772.53
2453,21253.8
2454,12044.83
2455,21602.4
2456,48570.05
2457,23971.98
2458,6424.22
2459,18405.78
2460,15493.15
2461,13158.13
2462,12374.49
2463,21220.02
2464,12547.33
2465,9458.68
2466,17214.15
2467,12996.15
2468,25271.95
2469,7251.38
2470,29785.51
2471,7874.36
2472,13656.35
2473,19373.41
2474,13844.06
2475,24320.35
2476,26325.02
2477,27038.2
2478,23902.81
2479,20199.7
2480,13164.44
2481,42385.28
2482,25429.93
2483,12201.19
2484,14956.74
2485,12156.32
2486,19278.12
2487,10796.38
2488,9175.75
2489,48117.66
2490,21915.1
2491,4616.93
2492,34043.38
2493,30652.41
2494,9369.08
2495,28677.73
2496,15462.31
2497,17333.63
2498,27580.24
2499,10293.37
2500,7140.09
2501,17826.86
2502,12092.03
2503,37952.4
2504,16064.21
2505,9377.5
2506,18672.1
2507,13431.53
2508,16255.74
2509,27054.87
2510,18755.34
2511,10965.63
2512,20487.54
2513,13977.7
2514,12099.41
2515,14174.46
2516,20160.33
2517,31473.13
2518,21797.48
2519,27947.05
2520,11909.35
2521,34251.9
2522,23369.18
2523,21721.42
2524,18183.75
2525,14414.67
2526,19565.04
2527,14654.06
2528,14706.63
2529,27617.89
2530,10223.83
2531,12164.6
2532,32929.76
2533,23490.8
2534,13756.79
2535,15148.02
2536,16231.65
2537,6193.07
2538,9814.05
2539,45234.15
2540,16312.25
2541,10517.43
2542,11349.25
2543,16599.42
2544,11722.05
2545,23917.33
2546,18377.22
2547,15994.25
2548,11449.91
2549,13331.34
2550,16800.02
2551,22986.37
2552,14769.75
2553,30563.02
2554,26786.93
2555,9023.57
2556,15894.53
2557,16916.66
2558,59595.81
2559,15308.59
2560,43143.8
2561,9948.92
2562,14668.82
2563,16857.94
2564,12471.67
2565,20582.77
2566,12234.3
2567,10990.92
2568,31444.48
2569,25932.81
2570,27309.24
2571,21473.28
2572,13306.45
2573,13462.73
2574,12629.84
2575,23741.54
2576,6715.28
2577,11991.31
2578,32219.6
2579,47263.87
2580,15618.99
2581,18961.14
2582,19131.22
2583,9700.15
2584,26900.39
2585,21385.11
2586,11308.82
2587,16894.29
2588,25883.57
2589,8468.64
2590,12188.15
2591,9705.73
2592,16241.96
2593,10270.21
2594,8952.75
2595,12882.64
2596,16984.8
2597,7962.78
2598,16188.32
2599,33566.42
2600,12206.95
2601,32222.82
2602,29563.25
2603,16148.33
2604,20220.2
2605,19927.99
2606,24074.02
2607,17528.13
2608,8315.7
2609,24972.7
2610,12016.95
2611,13181.53
2612,13790.47
2613,10451.98
2614,8296.12
2615,14299.15
2616,28631.31
2617,11859.25
2618,21514.18
2619,10451.28
2620,58490.53
2621,18408.6
2622,19118.97
2623,5024.65
2624,15057.18
2625,13098.41
2626,17272.83
2627,14491.8
2628,13348.95
2629,21276.65
2630,14158.37
2631,42470.84
2632,18054.25
2633,11785.21
2634,30521.24
2635,7766.5
2636,7294.09
2637,36334.03
2638,9335.33
2639,6745.14
2640,34345.73
2641,11179.61
2642,19763.38
2643,19121.22
2644,6524.06
2645,19391.55
2646,27928.36
2647,14966.18
2648,25594.43
2649,17676.09
2650,23104.62
2651,8492.93
2652,5751.4
2653,9220.01
2654,11514.56
2655,28664.69
2656,9992.93
2657,15354.99
2658,13925.74
2659,11594.36
2660,30235.99
2661,9076.43
2662,23555.92
2663,20463.0
2664,10968.67
2665,55097.8
2666,11149.69
2667,32445.48
2668,24165.35
2669,10582.37
2670,40468.56
2671,6833.53
2672,13872.58
2673,11412.64
2674,25357.61
2675,7560.02
2676,16402.45
2677,15655.02
2678,15545.49
2679,16511.74
2680,14955.47
2681,11359.21
2682,72094.2
2683,16538.47
2684,4639.73
2685,11062.14
2686,7920.27
2687,28667.8
2688,17280.59
2689,17614.83
2690,9573.95
2691,10967.47
2692,15852.12
2693,20072.28
2694,23173.83
2695,14459.49
2696,16443.4
2697,17158.47
2698,23002.25
2699,18039.51
2700,23641.49
2701,24063.63
2702,11113.18
2703,11305.34
2704,13164.0
2705,14028.06
2706,9252.68
2707,16788.89
2708,10726.98
2709,22735.01
2710,15069.17
2711,16101.42
2712,24427.25
2713,34422.44
2714,12045.59
2715,19614.93
2716,17363.88
2717,15582.31
2718,14089.95
2719,40332.12
2720,6157.16
2721,17917.71
2722,18660.18
2723,27091.05
2724,38547.36
2725,23012.97
2726,17134.48
2727,25621.4
2728,11280.94
2729,19880.36
2730,24373.57
2731,28424.63
2732,16909.37
2733,19923.69
2734,9103.91
2735,21918.97
2736,12779.49
2737,7795.16
2738,10002.29
2739,14365.9
2740,12698.46
2741,13636.9
2742,13627.48
2743,20436.23
2744,16073.05
2745,12735.32
2746,18345.01
2747,29012.94
2748,20774.37
2749,14219.31
2750,7482.65
2751,19244.03
2752,19881.09
2753,18786.18
2754,5312.9
2755,11426.21
2756,37087.04
2757,35589.54
2758,13498.85
2759,29452.84
2760,9630.5
2761,36509.06
2762,19557.38
2763,23020.05
2764,5138.28
2765,19106.9
2766,21936.23
2767,20758.77
2768,29108.54
2769,16007.08
2770,17460.96
2771,26086.33
2772,11461.65
2773,8640.87
2774,12494.72
2775,11279.2
2776,10192.58
2777,33465.82
2778,18312.29
2779,13895.6
2780,26382.52
2781,9856.26
2782,17071.42
2783,20986.14
2784,27428.5
2785,7960.88
2786,12506.05
2787,8722.96
2788,13097.11
2789,38948.42
2790,15494.47
2791,9713.97
2792,25678.13
2793,24725.29
2794,16615.72
2795,21692.71
2796,11540.67
2797,22816.7
2798,49889.94
2799,21794.68
2800,5885.44
2801,14376.58
2802,24939.88
2803,17125.93
2804,32303.75
2805,15651.32
2806,15556.8
2807,18297.83
2808,13898.86
2809,17121.6
2810,10184.83
2811,36806.64
2812,34753.17
2813,9558.63
2814,7725.76
2815,10899.57
2816,10889.14
2817,17929.14
2818,18985.24
2819,37856.04
2820,15128.29
2821,11520.19
2822,8508.12
2823,22959.71
2824,23872.06
2825,21082.09
2826,11478.75
2827,8865.43
2828,11796.14
2829,8224.99
2830,11784.54
2831,7549.39
2832,18717.18
2833,11404.08
2834,14795.24
2835,8773.44
2836,2774.91
2837,26237.54
2838,8589.78
2839,16432.91
2840,8833.23
2841,27254.91
2842,18996.76
2843,9705.15
2844,15613.25
2845,26964.42
2846,17053.25
2847,18071.15
2848,12492.02
2849,7186.42
2850,19389.59
2851,22991.5
2852,20742.7
2853,5073.62
2854,7543.87
2855,12167.4
2856,22311.55
2857,19928.41
2858,13145.66
2859,18162.4
2860,8054.38
2861,17255.6
2862,24359.93
2863,12991.45
2864,41309.83
2865,25558.51
2866,31904.0
2867,3199.65
2868,32922.8
2869,25381.52
2870,51825.51
2871,39742.73
2872,26673.75
2873,31008.8
2874,31452.01
2875,32581.73
2876,19833.05
2877,0.0
2878,14096.02
2879,26913.29
2880,15968.79
2881,7474.09
2882,7052.64
2883,8445.57
2884,25835.49
2885,23661.61
2886,28892.68
2887,28948.85
2888,17401.19
2889,8883.26
2890,17553.07
2891,19061.58
2892,11539.98
2893,15671.58
2894,25396.42
2895,33148.41
2896,19976.89
2897,9184.75
2898,9057.32
2899,18068.49
2900,29525.62
2901,10431.29
2902,16839.5
2903,13846.93
2904,17361.91
2905,29286.27
2906,14330.03
2907,14875.65
2908,16524.64
2909,11449.67
2910,26064.69
2911,9926.67
2912,16957.58
2913,15976.14
2914,21919.22
2915,11599.31
2916,19949.68
2917,18193.68
2918,23310.86
2919,21381.07
2920,42034.82
2921,12479.15
2922,16631.75
2923,9720.04
2924,26622.34
2925,8202.64
2926,19739.66
2927,17139.15
2928,21851.05
2929,14220.35
2930,11169.13
2931,35872.73
2932,19664.75
2933,9119.93
2934,17575.86
2935,35696.32
2936,12946.4
2937,10027.41
2938,14190.78
2939,10743.09
2940,14009.71
2941,11329.43
2942,8393.59
2943,14664.19
2944,21677.28
2945,16469.17
2946,15695.87
2947,19986.87
2948,27973.19
2949,14557.38
2950,9332.73
2951,15744.05
2952,24406.63
2953,10787.12
2954,9600.22
2955,13382.06
2956,9590.28
2957,20628.73
2958,7121.43
2959,31688.74
2960,17429.5
2961,12093.55
2962,12082.07
2963,15865.0
2964,10547.17
2965,11504.61
2966,34462.54
2967,15215.03
2968,12778.2
2969,16717.38
2970,27130.26
2971,31030.67
2972,24855.54
2973,26237.51
2974,26987.7
2975,24789.99
2976,7403.49
2977,25808.36
2978,17345.93
2979,9699.85
2980,14447.92
2981,14688.14
2982,16483.07
2983,18479.92
2984,23551.04
2985,30008.09
2986,19149.62
2987,7641.86
2988,11207.04
2989,30133.7
2990,22079.81
2991,19278.51
2992,23610.11
2993,11564.11
2994,20168.03
2995,9671.14
2996,17753.64
2997,6612.81
2998,13446.49
2999,15853.7
3000,10370.73
3001,12523.93
3002,16259.72
3003,9560.08
3004,26168.33
3005,19187.78
3006,10283.03
3007,12868.71
3008,15106.77
3009,14827.46
3010,10187.49
3011,16487.57
3012,23126.18
3013,9633.59
3014,26728.27
3015,14516.52
3016,19881.88
3017,13563.86
3018,15748.91
3019,10800.52
3020,9533.42
3021,31693.56
3022,7183.54
3023,32331.37
3024,15849.55
3025,18131.88
3026,8581.89
3027,12762.53
3028,16347.06
3029,12431.45
3030,13946.72
3031,13765.31
3032,33706.94
3033,10753.3
3034,21920.04
3035,16299.2
3036,7934.07
3037,24422.91
3038,9930.21
3039,6233.27
3040,16543.16
3041,11832.35
3042,13927.65
3043,24178.24
3044,11169.8
3045,22193.01
3046,27851.88
3047,9744.91
3048,25820.87
3049,14304.76
3050,33005.65
3051,9163.57
3052,24529.64
3053,15702.69
3054,14359.53
3055,16875.37
3056,14993.24
3057,7097.78
3058,23066.34
3059,25464.46
3060,12050.64
3061,2856.74
3062,12126.44
3063,9741.06
3064,24474.59
3065,25203.42
3066,17984.4
3067,19071.64
3068,11503.0
3069,17256.74
3070,27331.31
3071,19044.08
3072,12165.09
3073,41095.18
3074,17945.55
3075,13674.93
3076,23304.09
3077,30361.24
3078,13115.23
3079,18132.11
3080,16401.18
3081,5160.63
3082,24146.24
3083,13680.84
3084,23520.47
3085,33324.44
3086,18055.35
3087,39355.19
3088,17336.28
3089,30048.89
3090,22672.45
3091,20529.23
3092,29895.06
3093,16599.85
3094,12009.4
3095,8808.73
3096,12031.49
3097,16844.52
3098,23700.56
3099,20800.42
3100,14710.51
3101,9681.38
3102,21431.64
3103,25488.59
3104,20740.34
3105,36290.12
3106,20372.2
3107,11330.52
3108,8806.24
3109,13863.74
3110,13574.01
3111,22083.61
3112,10344.94
3113,16687.28
3114,10477.32
3115,33533.19
3116,13401.12
3117,19712.13
3118,12749.99
3119,12299.7
3120,27972.17
3121,16006.66
3122,7977.14
3123,21631.23
3124,27999.97
3125,11840.05
3126,41428.0
3127,23306.74
3128,6142.09
3129,21984.14
3130,12005.82
3131,13645.37
3132,20421.11
3133,8740.65
3134,35139.71
3135,9861.08
3136,13754.26
3137,22085.9
3138,18196.55
3139,16689.44
3140,15641.55
3141,18172.42
3142,11307.28
3143,20127.28
3144,32181.54
3145,17961.22
3146,30516.82
3147,20776.09
3148,14740.23
3149,11708.22
3150,39497.63
3151,31450.89
3152,10060.73
3153,25536.74
3154,19086.23
3155,30229.75
3156,11043.38
3157,7373.42
3158,12195.21
3159,8872.48
3160,31339.92
3161,6857.11
3162,8831.41
3163,7462.63
3164,31422.34
3165,34053.93
3166,15756.85
3167,10707.39
3168,13987.1
3169,30063.3
3170,23591.82
3171,11836.42
3172,7119.53
3173,12727.31
3174,14782.45
3175,8255.08
3176,23102.88
3177,9008.13
3178,9196.92
3179,8516.19
3180,36111.73
3181,28562.54
3182,28898.42
3183,20148.82
3184,11961.81
3185,40032.54
3186,20560.67
3187,24677.14
3188,20293.89
3189,5473.33
3190,41514.91
3191,23886.65
3192,25979.78
3193,15997.08
3194,22306.3
3195,15233.15
3196,21070.25
3197,10500.17
3198,23716.8
3199,26193.87
3200,13554.72
3201,20078.92
3202,10982.66
3203,9851.69
3204,14412.35
3205,26574.38
3206,6456.51
3207,23084.35
3208,15743.23
3209,14958.33
3210,6208.02
3211,14438.01
3212,31328.41
3213,19605.15
3214,14752.46
3215,15397.95
3216,22947.69
3217,15036.45
3218,18286.77
3219,32167.05
3220,26863.92
3221,26697.11
3222,21691.96
3223,16860.38
3224,13722.83
3225,31192.11
3226,33836.3
3227,9056.98
3228,7447.42
3229,9238.51
3230,16782.85
3231,10628.45
3232,23406.06
3233,26249.34
3234,25446.16
3235,18531.36
3236,8356.04
3237,14854.03
3238,9449.06
3239,13153.43
3240,20559.04
3241,10655.97
3242,32636.6
3243,7237.52
3244,32836.71
3245,23231.87
3246,25733.0
3247,15155.54
3248,25637.29
3249,7291.05
3250,28028.59
3251,21642.85
3252,19182.61
3253,8787.42
3254,7259.68
3255,13542.18
3256,25408.54
3257,17972.49
3258,13530.93
3259,27233.49
3260,31490.92
3261,24448.61
3262,14705.52
3263,8473.8
3264,59784.97
3265,51345.79
3266,17404.46
3267,10263.83
3268,25577.03
3269,15384.93
3270,10812.05
3271,29946.89
3272,23882.59
3273,10797.96
3274,15449.56
3275,19337.33
3276,24937.83
3277,15395.31
3278,18813.34
3279,10863.15
3280,14072.51
3281,5061.19
3282,17208.33
3283,23191.95
3284,11936.67
3285,8793.82
3286,10439.47
3287,35885.64
3288,17657.57
3289,30219.94
3290,5442.03
3291,20973.63
3292,17361.65
3293,15872.78
3294,12416.97
3295,13395.14
3296,29307.51
3297,5752.66
3298,46784.05
3299,19980.11
3300,19232.5
3301,23833.95
3302,6540.56
3303,13945.46
3304,17134.43
3305,21432.97
3306,19379.89
3307,22161.78
3308,13959.02
3309,13539.4
3310,35799.68
3311,27059.59
3312,10520.9
3313,30127.87
3314,24247.27
3315,23645.92
3316,33159.85
3317,33611.09
3318,15174.5
3319,15225.2
3320,9362.3
3321,11561.4
3322,20232.79
3323,12467.71
3324,8561.24
3325,16632.62
3326,3919.12
3327,74799.95
3328,35871.08
3329,11660.54
3330,21231.62
3331,21631.81
3332,15336.33
3333,15713.59
3334,18378.2
3335,14735.23
3336,21319.14
3337,7534.31
3338,20486.38
3339,19917.44
3340,17171.35
3341,18083.79
3342,24872.19
3343,17857.93
3344,23029.02
3345,35796.61
3346,19380.57
3347,22397.6
3348,13713.98
3349,26030.87
3350,19052.53
3351,40361.65
3352,20768.43
3353,13616.6
3354,23781.88
3355,17687.42
3356,16183.2
3357,4740.74
3358,14909.15
3359,13886.25
3360,7035.53
3361,14899.19
3362,13649.89
3363,11433.06
3364,11558.42
3365,19001.57
3366,42836.9
3367,20741.32
3368,27540.73
3369,37252.71
3370,32038.85
3371,45857.74
3372,11873.95
3373,13710.81
3374,22003.68
3375,20108.95
3376,18936.22
3377,32923.37
3378,11551.68
3379,15123.15
3380,11183.3
3381,39863.82
3382,18491.98
3383,14950.36
3384,18708.92
3385,8733.97
3386,12107.46
3387,9687.51
3388,7824.04
3389,11632.95
3390,46351.93
3391,24077.76
3392,30171.42
3393,28198.27
3394,27328.27
3395,7703.38
3396,7051.3
3397,9931.55
3398,12001.64
3399,16069.51
3400,11999.05
3401,23605.92
3402,13098.51
3403,16130.65
3404,7667.58
3405,10634.77
3406,12191.83
3407,12182.86
3408,12316.31
3409,11878.87
3410,9241.94
3411,21971.41
3412,8047.33
3413,10960.56
3414,9484.21
3415,15904.05
3416,7975.15
3417,23187.76
3418,15548.03
3419,13706.71
3420,13157.48
3421,20801.43
3422,24276.35
3423,14262.58
3424,25580.18
3425,20770.89
3426,34843.0
3427,17421.42
3428,29709.62
3429,9270.67
3430,11269.78
3431,13668.29
3432,24148.21
3433,21983.87
3434,22689.58
3435,9788.58
3436,9597.85
3437,16976.89
3438,9512.12
3439,57704.37
3440,18330.54
3441,17388.02
3442,14725.46
3443,12932.3
3444,20996.29
3445,20731.28
3446,14065.61
3447,16925.33
3448,22879.16
3449,23502.48
3450,13445.47
3451,7324.87
3452,13836.04
3453,26038.84
3454,41743.03
3455,31682.53
3456,20616.73
3457,18562.7
3458,17669.93
3459,15603.69
3460,17478.79
3461,38902.27
3462,12068.49
3463,12768.97
3464,18774.68
3465,19876.35
3466,15135.43
3467,11946.47
3468,26630.07
3469,8546.33
3470,23293.11
3471,11714.77
3472,8213.15
3473,13483.15
3474,13781.44
3475,12083.25
3476,6595.18
3477,13161.62
3478,24281.81
3479,18483.08
3480,15499.15
3481,23278.78
3482,10786.09
3483,9880.64
3484,6659.36
3485,15279.6
3486,16670.11
3487,30529.18
3488,17627.45
3489,22294.4
3490,19962.4
3491,6188.27
3492,15374.38
3493,22953.58
3494,7153.78
3495,11512.57
3496,12606.7
3497,17100.37
3498,13151.09
3499,10567.11
3500,13358.03
3501,15930.33
3502,12448.76
3503,10401.36
3504,11345.39
3505,21599.75
3506,24923.81
3507,13906.74
3508,29807.86
3509,13725.65
3510,38644.52
3511,10417.1
3512,5128.36
3513,24928.43
3514,25773.04
3515,12730.29
3516,9752.28
3517,22835.68
3518,8940.47
3519,15853.61
3520,26218.94
3521,14670.13
3522,14535.58
3523,20105.03
3524,17837.37
3525,10416.02
3526,17683.21
3527,4958.24
3528,17631.34
3529,21716.93
3530,23726.43
3531,19808.54
3532,18790.29
3533,6756.69
3534,11399.02
3535,9969.89
3536,11121.04
3537,10488.53
3538,39353.93
3539,14363.74
3540,23328.25
3541,15751.12
3542,8379.68
3543,10128.11
3544,20544.73
3545,11811.32
3546,18051.57
3547,14813.01
3548,15645.59
3549,29406.95
3550,10165.88
3551,8375.45
3552,14790.5
3553,8000.5
3554,12450.03
3555,34147.77
3556,21356.27
3557,29605.26
3558,24065.19
3559,11803.16
3560,10782.84
3561,14679.26
3562,22865.2
3563,17799.53
3564,8735.9
3565,83920.3
3566,21219.22
3567,15027.3
3568,19916.33
3569,13618.61
3570,15096.38
3571,23054.96
3572,20595.54
3573,13346.04
3574,15460.12
3575,18669.03
3576,21262.93
3577,31360.5
3578,20054.96
3579,8541.17
3580,12220.97
3581,11516.18
3582,25681.75
3583,11035.3
3584,9979.63
3585,17692.67
3586,17507.35
3587,4636.67
3588,7254.73
3589,10059.53
3590,30977.64
3591,11738.69
3592,15545.85
3593,20874.56
3594,21126.15
3595,40196.18
3596,18431.83
3597,13399.76
3598,16330.04
3599,17787.89
3600,10792.5
3601,26890.27
3602,24985.48
3603,26438.01
3604,25290.02
3605,47159.32
3606,15612.21
3607,25711.04
3608,15570.38
3609,30378.37
3610,30369.65
3611,27398.91
3612,19302.75
3613,16889.53
3614,8325.86
3615,19153.43
3616,29642.59
3617,14525.89
3618,26881.75
3619,19577.37
3620,11171.76
3621,29613.64
3622,6192.01
3623,9327.05
3624,14514.61
3625,14260.94
3626,22358.8
3627,20867.94
3628,14207.99
3629,30401.6
3630,9715.18
3631,9362.56
3632,19755.74
3633,8398.64
3634,10937.54
3635,28213.14
3636,24752.03
3637,41784.94
3638,21272.63
3639,26775.97
3640,42811.68
3641,8799.91
3642,37646.01
3643,13285.52
3644,26861.98
3645,18498.55
3646,35279.7
3647,18508.36
3648,11365.34
3649,30907.1
3650,9893.24
3651,27965.24
3652,19321.96
3653,26625.18
3654,36737.61
3655,22883.35
3656,22910.17
3657,12998.56
3658,8636.13
3659,15164.63
3660,12545.13
3661,15891.29
3662,9595.26
3663,12030.17
3664,38226.21
3665,29623.46
3666,20820.79
3667,20563.93
3668,13850.16
3669,23872.91
3670,16088.67
3671,29809.82
3672,10831.94
3673,9926.09
3674,12391.74
3675,11259.34
3676,15934.8
3677,16506.45
3678,27971.73
3679,37666.71
3680,10601.21
3681,13245.32
3682,19720.55
3683,15306.4
3684,23950.59
3685,28644.32
3686,26673.74
3687,10202.58
3688,13017.27
3689,16750.4
3690,14424.71
3691,28996.38
3692,12880.93
3693,35838.84
3694,39232.37
3695,11229.43
3696,25255.66
3697,7486.81
3698,63174.49
3699,8521.98
3700,17122.71
3701,7315.83
3702,19242.0
3703,7063.07
3704,12109.46
3705,9540.66
3706,7618.11
3707,11267.3
3708,24726.18
3709,7599.96
3710,10360.16
3711,16003.3
3712,43679.09
3713,22890.6
3714,8289.66
3715,16468.74
3716,16040.91
3717,15516.23
3718,26305.98
3719,16292.63
3720,25773.63
3721,16345.81
3722,27963.61
3723,10997.56
3724,14747.6
3725,59320.95
3726,6022.94
3727,11393.61
3728,13356.94
3729,67902.83
3730,46849.57
3731,32830.04
3732,11936.56
3733,48395.48
3734,25241.01
3735,18185.73
3736,17161.16
3737,18372.3
3738,15960.94
3739,10394.06
3740,25118.16
3741,25167.32
3742,12707.79
3743,33943.2
3744,5434.89
3745,26791.61
3746,22707.22
3747,26581.95
3748,13225.98
3749,16165.79
3750,20119.46
3751,35617.67
3752,9485.8
3753,16474.94
3754,27742.24
3755,6431.92
3756,15549.9
3757,31038.81
3758,20897.25
3759,21140.67
3760,10347.53
3761,14253.44
3762,13500.75
3763,30731.86
3764,12967.72
3765,17049.61
3766,14449.83
3767,28285.9
3768,8737.35
3769,17064.1
3770,5886.55
3771,5410.68
3772,12164.13
3773,7383.22
3774,32554.11
3775,7139.52
3776,14759.15
3777,23081.57
3778,9189.18
3779,9338.07
3780,15041.61
3781,8637.6
3782,10991.64
3783,44586.38
3784,21112.99
3785,33466.99
3786,16605.55
3787,17900.71
3788,5990.71
3789,14526.98
3790,24081.66
3791,17745.42
3792,29275.79
3793,32595.04
3794,17074.02
3795,15740.1
3796,7497.02
3797,13174.47
3798,10957.48
3799,20319.47
3800,11204.69
3801,27029.02
3802,21018.36
3803,9608.07
3804,39191.18
3805,26051.05
3806,19427.63
3807,7965.15
3808,14873.01
3809,19587.83
3810,17650.78
3811,50195.61
3812,13783.45
3813,31738.17
3814,15200.2
3815,30232.24
3816,5391.79
3817,24990.23
3818,14734.43
3819,13824.03
3820,34387.47
3821,18621.86
3822,11408.12
3823,19410.18
3824,11225.97
3825,43510.72
3826,16973.4
3827,19986.77
3828,22780.63
3829,14505.59
3830,15224.76
3831,13178.93
3832,60565.78
3833,33222.08
3834,15981.36
3835,14252.8
3836,10521.61
3837,10328.53
3838,27304.25
3839,11535.56
3840,23362.03
3841,12604.65
3842,10723.25
3843,16228.33
3844,17188.87
3845,18074.26
3846,25708.33
3847,24034.95
3848,5376.96
3849,14754.96
3850,5910.01
3851,16924.29
3852,30385.49
3853,10264.91
3854,11938.85
3855,16731.25
3856,34027.56
3857,15878.86
3858,37021.51
3859,13902.57
3860,12616.3
3861,18316.23
3862,23538.75
3863,5832.25
3864,17884.53
3865,16116.98
3866,27022.34
3867,16338.53
3868,10854.62
3869,15432.48
3870,7031.51
3871,8599.27
3872,16052.53
3873,26056.58
3874,26469.61
3875,39252.04
3876,14174.07
3877,7516.86
3878,21018.12
3879,12471.07
3880,13596.48
3881,21434.9
3882,13295.78
3883,9489.49
3884,13143.07
3885,8387.77
3886,12209.85
3887,14861.68
3888,38188.96
3889,25643.26
3890,20673.16
3891,5584.01
3892,33169.91
3893,38759.62
3894,17919.54
3895,40051.61
3896,9621.69
3897,7089.74
3898,8257.14
3899,48564.53
3900,6019.2
3901,13232.5
3902,15138.22
3903,16681.34
3904,18457.06
3905,15045.28
3906,15128.72
3907,7623.52
3908,20659.54
3909,26696.21
3910,23871.36
3911,11931.21
3912,9888.96
3913,11884.78
3914,38587.97
3915,14622.42
3916,17021.3
3917,28048.3
3918,26000.0
3919,19332.95
3920,29575.69
3921,10830.06
3922,11377.56
3923,29478.65
3924,34968.34
3925,7950.41
3926,24740.32
3927,32650.37
3928,19975.53
3929,15412.86
3930,22881.72
3931,16756.79
3932,12334.83
3933,23424.39
3934,5290.59
3935,5720.18
3936,19114.88
3937,15414.3
3938,13956.6
3939,30215.49
3940,12490.62
3941,14060.15
3942,7702.72
3943,27188.26
3944,14007.61
3945,20102.88
3946,14287.26
3947,28378.15
3948,6954.17
3949,4377.49
3950,11139.21
3951,16496.78
3952,20010.93
3953,23637.73
3954,18145.34
3955,8936.16
3956,6103.06
3957,19251.55
3958,34771.61
3959,16259.0
3960,16577.27
3961,17812.52
3962,13434.88
3963,17258.63
3964,29751.75
3965,12439.1
3966,12259.07
3967,15236.77
3968,6096.62
3969,15482.93
3970,15388.22
3971,24216.11
3972,17852.9
3973,15835.57
3974,9911.42
3975,13139.68
3976,5730.96
3977,16601.11
3978,18510.85
3979,22410.52
3980,10077.84
3981,19318.66
3982,12009.5
3983,13251.44
3984,14175.69
3985,11072.06
3986,20377.49
3987,12405.05
3988,17840.48
3989,15409.47
3990,9894.37
3991,19593.76
3992,27749.35
3993,9422.91
3994,12312.4
3995,17735.27
3996,12918.84
3997,14424.48
3998,24715.47
3999,9335.8
4000,18766.31
4001,24199.17
4002,9583.23
4003,7312.65
4004,7631.79
4005,14880.01
4006,47290.62
4007,16964.29
4008,6155.04
4009,10603.6
4010,19140.79
4011,15882.44
4012,6915.64
4013,17249.29
4014,10125.46
4015,6776.18
4016,24502.08
4017,17103.63
4018,32405.47
4019,16831.91
4020,9458.35
4021,15697.42
4022,18625.75
4023,20215.93
4024,13032.59
4025,14829.81
4026,12450.42
4027,44178.53
4028,15604.71
4029,13697.2
4030,14567.39
4031,9095.67
4032,29806.66
4033,12574.52
4034,21512.02
4035,18800.87
4036,13365.57
4037,21658.5
4038,8604.33
4039,11644.59
4040,39978.6
4041,33457.82
4042,23413.42
4043,29410.05
4044,18179.7
4045,40789.53
4046,18955.59
4047,25133.07
4048,8693.26
4049,8543.77
4050,8756.44
4051,20969.23
4052,6890.3
4053,9252.94
4054,3132.48
4055,9003.92
4056,10508.67
4057,35228.63
4058,13947.98
4059,12195.14
4060,31740.12
4061,20456.86
4062,12471.97
4063,7808.99
4064,11015.51
4065,8940.93
4066,17420.87
4067,19327.88
4068,27524.76
4069,21054.8
4070,3212.4
4071,12143.91
4072,6286.41
4073,9176.38
4074,12646.68
4075,10296.91
4076,11979.66
4077,20015.28
4078,11567.9
4079,26639.94
4080,37962.19
4081,8921.67
4082,19901.4
4083,5477.98
4084,15115.38
4085,23225.55
4086,16755.65
4087,15753.74
4088,23991.25
4089,42897.96
4090,39358.03
4091,16029.89
4092,10539.25
4093,13199.72
4094,11188.49
4095,19365.72
4096,8975.64
4097,20118.08
4098,18585.44
4099,15984.57
4100,9167.45
4101,30183.27
4102,9904.35
4103,12651.15
4104,18391.18
4105,11993.73
4106,22928.9
4107,19236.77
4108,11113.86
4109,17725.55
4110,12839.42
4111,8843.93
4112,19267.99
4113,15463.08
4114,30510.21
4115,16263.43
4116,11137.23
4117,16474.56
4118,12474.2
4119,28834.34
4120,21148.81
4121,13115.96
4122,18424.29
4123,22064.36
4124,26895.63
4125,32377.52
4126,14057.44
4127,6673.05
4128,54057.81
4129,9628.9
4130,27975.0
4131,16437.74
4132,9745.87
4133,20303.34
4134,11738.88
4135,32276.11
4136,12855.9
4137,11754.73
4138,4746.94
4139,27342.72
4140,9286.3
4141,21641.9
4142,14718.31
4143,13253.02
4144,30407.05
4145,30244.22
4146,15945.37
4147,25619.9
4148,22356.72
4149,23881.65
4150,17090.22
4151,37292.02
4152,33804.92
4153,20718.92
4154,8089.16
4155,11821.72
4156,15994.56
4157,8414.57
4158,35746.29
4159,12607.76
4160,20579.98
4161,16969.44
4162,10283.34
4163,8707.73
4164,22379.77
4165,29380.44
4166,24767.85
4167,21485.0
4168,13831.37
4169,21708.64
4170,40766.48
4171,15851.23
4172,15768.7
4173,20169.95
4174,8414.67
4175,8239.48
4176,23189.64
4177,14057.64
4178,23572.12
4179,48692.37
4180,29144.71
4181,35530.96
4182,14162.96
4183,14587.08
4184,15023.61
4185,12928.53
4186,39210.78
4187,23804.92
4188,17219.84
4189,23269.53
4190,8714.41
4191,28945.17
4192,10398.68
4193,22951.53
4194,19135.42
4195,15387.77
4196,23087.63
4197,36704.64
4198,10463.18
4199,22301.3
4200,14012.59
4201,6741.73
4202,15016.34
4203,21493.75
4204,22976.19
4205,20157.02
4206,11304.82
4207,16083.04
4208,44894.9
4209,12415.79
4210,16065.72
4211,23953.64
4212,28270.96
4213,10944.0
4214,25315.46
4215,14845.32
4216,20895.98
4217,19282.32
4218,24100.77
4219,16309.75
4220,7586.68
4221,35308.31
4222,12074.92
4223,18118.64
4224,19495.37
4225,19038.94
4226,11609.18
4227,18888.45
4228,17912.38
4229,19039.19
4230,10481.9
4231,40682.8
4232,12917.7
4233,10299.14
4234,25476.64
4235,17026.08
4236,24626.67
4237,14839.12
4238,16069.62
4239,13378.7
4240,34522.09
4241,7618.02
4242,13166.76
4243,24342.08
4244,29050.08
4245,16934.26
4246,19453.29
4247,17574.91
4248,20040.92
4249,12850.21
4250,8592.12
4251,4157.78
4252,19704.74
4253,32606.13
4254,11870.22
4255,23307.48
4256,12477.32
4257,11854.93
4258,29615.68
4259,11439.06
4260,22426.52
4261,15728.38
4262,18100.83
4263,17661.06
4264,12348.31
4265,23367.25
4266,19020.93
4267,14536.37
4268,19559.98
4269,18690.44
4270,12998.34
4271,68945.71
4272,21518.97
4273,9222.15
4274,14130.58
4275,5792.18
4276,12304.67
4277,7974.49
4278,14648.79
4279,8766.3
4280,23855.3
4281,15152.3
4282,21448.11
4283,13240.14
4284,7926.57
4285,15048.99
4286,49250.7
4287,13652.78
4288,15166.91
4289,7653.1
4290,12388.73
4291,25583.63
4292,25440.05
4293,15349.29
4294,30140.52
4295,27184.15
4296,17038.51
4297,10607.97
4298,21236.6
4299,9310.37
4300,11024.95
4301,23402.05
4302,44523.61
4303,7369.01
4304,20280.76
4305,27667.17
4306,25334.84
4307,31384.17
4308,23085.26
4309,32170.04
4310,8016.15
4311,10484.24
4312,21249.44
4313,7471.99
4314,30676.8
4315,30631.32
4316,13460.82
4317,11283.88
4318,18237.76
4319,22077.88
4320,17125.15
4321,21891.15
4322,13749.55
4323,24261.35
4324,26815.16
4325,8900.77
4326,25148.42
4327,11089.43
4328,14737.23
4329,30329.42
4330,9387.64
4331,24575.57
4332,16025.73
4333,7879.21
4334,21406.02
4335,14694.8
4336,9269.7
4337,51527.16
4338,9890.48
4339,33733.6
4340,13343.03
4341,14031.86
4342,17394.16
4343,26036.72
4344,18195.67
4345,45219.3
4346,53259.11
4347,17054.43
4348,15220.19
4349,15927.57
4350,13220.16
4351,27802.24
4352,7493.16
4353,66966.03
4354,23065.63
4355,6447.57
4356,10406.82
4357,29965.48
4358,23524.87
4359,12873.18
4360,15822.49
4361,6426.85
4362,20220.71
4363,31339.54
4364,10162.56
4365,7310.88
4366,19084.59
4367,11218.44
4368,18003.01
4369,11925.37
4370,10991.97
4371,6936.19
4372,14970.84
4373,19684.03
4374,11293.69
4375,16094.72
4376,20104.23
4377,13189.9
4378,21439.44
4379,25913.47
4380,13418.51
4381,34590.97
4382,17472.06
4383,30275.56
4384,28784.74
4385,11533.04
4386,26983.0
4387,16149.47
4388,11596.1
4389,12024.61
4390,14560.3
4391,17414.72
4392,12772.79
4393,33888.7
4394,41471.67
4395,16731.3
4396,36580.59
4397,14389.68
4398,9900.34
4399,11000.79
4400,25988.87
4401,22098.1
4402,11298.77
4403,34652.79
4404,24206.74
4405,14748.19
4406,8396.25
4407,25432.16
4408,23607.5
4409,24135.35
4410,29617.42
4411,35680.33
4412,14536.04
4413,10915.42
4414,6818.35
4415,19279.44
4416,20261.1
4417,35159.96
4418,15796.81
4419,34487.28
4420,12724.06
4421,24938.51
4422,27867.47
4423,5986.06
4424,9861.41
4425,17131.16
4426,15949.48
4427,6595.26
4428,5713.87
4429,17949.89
4430,15939.13
4431,12650.6
4432,13566.2
4433,26246.05
4434,26896.56
4435,4958.25
4436,9854.84
4437,14991.54
4438,18123.58
4439,28485.69
4440,22586.41
4441,9594.58
4442,11424.77
4443,9259.64
4444,28046.16
4445,10312.65
4446,27852.08
4447,17501.24
4448,18066.45
4449,11121.99
4450,8602.09
4451,12451.61
4452,9919.02
4453,6882.26
4454,14895.31
4455,22153.97
4456,22157.7
4457,16236.35
4458,19315.68
4459,14671.57
4460,22128.54
4461,22870.84
4462,26045.74
4463,17612.48
4464,17351.82
4465,29710.88
4466,8906.56
4467,11297.53
4468,18561.51
4469,24100.18
4470,26914.72
4471,15868.2
4472,15619.56
4473,18105.4
4474,14214.26
4475,7576.96
4476,16158.59
4477,23883.86
4478,6231.25
4479,18083.06
4480,21254.95
4481,19596.27
4482,65688.46
4483,8539.81
4484,15844.71
4485,19038.84
4486,11531.94
4487,18333.63
4488,11981.76
4489,10865.95
4490,14866.87
4491,31469.9
4492,48513.85
4493,32519.3
4494,15411.26
4495,10599.9
4496,20218.71
4497,45382.18
4498,13321.42
4499,10097.9
4500,9746.47
4501,30540.69
4502,28016.54
4503,19278.74
4504,22756.49
4505,4806.11
4506,17687.83
4507,29204.35
4508,8677.68
4509,7968.46
4510,6620.31
4511,41752.85
4512,13093.77
4513,23526.19
4514,25519.62
4515,41819.67
4516,15063.49
4517,16061.14
4518,19710.98
4519,29924.58
4520,14230.61
4521,14462.46
4522,7935.54
4523,11909.16
4524,33870.39
4525,14392.85
4526,15618.04
4527,10854.81
4528,16675.6
4529,16634.61
4530,0.0
4531,28433.81
4532,27385.77
4533,9767.01
4534,19355.78
4535,14254.96
4536,10482.66
4537,18504.48
4538,10893.24
4539,24152.67
4540,17159.34
4541,12985.75
4542,12253.86
4543,10804.5
4544,10594.75
4545,12670.36
4546,43902.9
4547,12046.43
4548,10681.01
4549,16937.53
4550,19347.03
4551,16456.66
4552,42620.65
4553,14759.48
4554,12712.61
4555,11264.35
4556,12147.55
4557,21868.89
4558,20100.6
4559,6160.53
4560,11918.63
4561,5635.65
4562,58616.3
4563,8887.43
4564,12754.48
4565,18667.57
4566,20181.61
4567,10618.11
4568,24496.29
4569,23530.61
4570,32621.45
4571,26323.26
4572,11461.36
4573,21320.13
4574,16369.99
4575,24850.91
4576,21190.04
4577,13262.16
4578,19112.38
4579,18842.7
4580,7437.24
4581,14936.3
4582,17646.36
4583,9526.41
4584,36723.42
4585,9114.8
4586,16017.96
4587,12293.4
4588,29411.03
4589,11012.14
4590,34110.28
4591,25971.96
4592,19843.15
4593,7457.47
4594,6370.7
4595,14567.56
4596,10155.47
4597,28726.26
4598,15632.08
4599,19043.28
4600,9178.67
4601,19116.41
4602,14345.4
4603,7854.11
4604,13967.67
4605,20773.21
4606,25033.02
4607,22936.34
4608,15168.81
4609,7926.75
4610,26162.73
4611,11022.04
4612,14107.17
4613,17351.18
4614,27162.57
4615,13633.69
4616,12415.38
4617,21377.54
4618,36655.22
4619,34434.58
4620,15210.57
4621,18540.2
4622,16867.16
4623,12583.09
4624,8781.79
4625,16018.87
4626,30168.94
4627,13269.4
4628,34864.98
4629,19397.73
4630,19252.25
4631,20237.94
4632,10862.36
4633,19379.03
4634,33302.88
4635,13285.93
4636,10386.69
4637,18812.13
4638,14102.85
4639,6839.24
4640,13097.75
4641,10693.36
4642,15272.77
4643,19853.82
4644,14319.66
4645,14749.44
4646,16252.59
4647,13789.22
4648,14345.39
4649,16856.98
4650,36424.01
4651,14347.79
4652,8466.17
4653,28879.42
4654,21916.75
4655,12791.32
4656,10154.51
4657,16255.26
4658,16183.36
4659,12734.43
4660,6716.0
4661,14078.96
4662,10164.51
4663,13227.68
4664,16642.57
4665,9640.79
4666,10980.09
4667,17425.0
4668,10480.1
4669,9581.6
4670,17398.97
4671,13926.76
4672,23427.13
4673,24324.09
4674,7454.38
4675,29494.44
4676,8206.36
4677,31256.26
4678,13085.73
4679,10260.94
4680,13044.51
4681,18873.47
4682,14154.27
4683,15003.38
4684,34439.41
4685,12666.03
4686,21752.68
4687,37833.61
4688,24571.97
4689,10748.94
4690,25873.72
4691,11673.82
4692,33806.51
4693,11242.26
4694,50288.12
4695,29550.08
4696,13580.22
4697,16688.55
4698,20667.45
4699,32927.83
4700,24935.14
4701,27157.41
4702,19759.23
4703,18984.34
4704,16481.16
4705,20010.87
4706,25372.65
4707,25858.31
4708,17279.33
4709,7768.58
4710,17358.52
4711,20794.47
4712,24332.61
4713,10338.06
4714,27218.34
4715,18549.55
4716,26659.46
4717,24570.43
4718,16772.05
4719,27086.24
4720,24066.48
4721,9664.4
4722,19369.87
4723,11368.2
4724,16700.81
4725,7575.56
4726,19383.84
4727,19743.42
4728,17417.38
4729,16321.51
4730,8604.74
4731,36750.38
4732,21912.64
4733,16778.89
4734,11467.45
4735,16458.74
4736,32104.4
4737,36789.24
4738,16857.1
4739,22574.77
4740,19785.91
4741,10297.27
4742,12157.35
4743,9710.21
4744,34215.86
4745,22670.41
4746,28896.0
4747,36445.67
4748,11845.8
4749,6068.67
4750,36853.38
4751,35470.34
4752,12110.07
4753,36953.36
4754,26039.73
4755,13764.86
4756,22369.5
4757,20451.09
4758,26950.43
4759,22023.92
4760,27827.45
4761,10843.48
4762,18118.18
4763,7184.13
4764,13566.34
4765,13858.34
4766,16774.48
4767,21441.53
4768,12884.31
4769,27401.44
4770,9000.07
4771,13380.65
4772,14044.46
4773,19517.54
4774,19038.48
4775,10808.73
4776,24262.02
4777,14955.26
4778,14683.33
4779,22406.57
4780,25017.24
4781,22013.4
4782,20320.84
4783,25766.14
4784,6810.58
4785,7498.45
4786,46449.25
4787,5974.23
4788,14292.9
4789,36202.07
4790,15926.64
4791,17080.07
4792,15833.42
4793,12283.53
4794,12943.97
4795,11055.21
4796,24115.03
4797,35878.65
4798,11587.14
4799,10240.84
4800,8664.82
4801,11087.99
4802,17117.65
4803,7912.57
4804,14475.92
4805,13696.76
4806,22613.46
4807,11129.36
4808,7327.46
4809,62555.07
4810,28060.2
4811,19897.36
4812,29847.94
4813,12346.86
4814,30560.66
4815,23596.13
4816,17191.46
4817,20809.31
4818,10261.81
4819,45902.84
4820,10289.99
4821,7942.97
4822,10725.13
4823,7727.46
4824,16963.03
4825,20034.24
4826,21260.76
4827,31927.42
4828,13556.37
4829,15660.77
4830,19421.95
4831,6637.34
4832,16912.09
4833,9314.88
4834,51504.27
4835,14161.03
4836,12282.6
4837,7998.45
4838,12830.81
4839,31200.0
4840,33232.27
4841,6508.23
4842,28622.74
4843,22195.38
4844,11663.95
4845,13042.2
4846,11583.28
4847,51093.13
4848,8660.64
4849,20050.69
4850,17592.86
4851,6175.64
4852,43307.21
4853,11624.9
4854,22517.49
4855,6698.7
4856,17641.55
4857,22171.44
4858,8554.04
4859,28348.88
4860,10820.14
4861,31536.3
4862,39439.8
4863,11081.67
4864,16377.95
4865,12478.0
4866,25447.55
4867,12804.39
4868,23536.29
4869,20668.8
4870,11742.96
4871,23062.19
4872,17777.4
4873,23319.79
4874,23305.22
4875,16703.77
4876,26084.26
4877,13378.78
4878,20011.61
4879,4700.25
4880,19052.34
4881,36100.75
4882,12158.49
4883,25520.07
4884,13926.68
4885,15831.6
4886,30622.52
4887,15549.57
4888,8771.06
4889,14362.51
4890,23970.21
4891,24314.16
4892,25366.09
4893,44149.52
4894,17716.94
4895,50268.85
4896,13789.28
4897,13478.18
4898,13509.8
4899,5159.41
4900,43504.97
4901,37263.44
4902,13138.49
4903,9720.98
4904,18301.27
4905,13411.85
4906,5900.52
4907,17000.74
4908,14575.71
4909,19045.96
4910,15707.39
4911,38141.36
4912,12968.8
4913,13254.37
4914,16258.14
4915,15002.66
4916,12932.48
4917,18649.44
4918,18342.95
4919,6529.47
4920,34615.68
4921,31532.98
4922,9612.75
4923,18760.37
4924,31036.34
4925,12138.92
4926,25095.87
4927,13819.53
4928,11233.8
4929,22497.53
4930,9510.44
4931,17033.92
4932,11798.43
4933,13496.22
4934,36189.88
4935,17794.62
4936,9730.11
4937,8568.36
4938,11759.57
4939,20609.09
4940,22755.77
4941,10293.55
4942,9586.82
4943,14640.17
4944,17153.5
4945,59798.16
4946,12963.21
4947,39977.01
4948,13529.97
4949,10056.36
4950,8225.06
4951,37122.59
4952,42990.7
4953,14492.75
4954,10666.86
4955,12236.0
4956,6754.17
4957,20084.15
4958,23674.45
4959,18764.18
4960,6145.54
4961,40041.67
4962,12170.93
4963,18033.2
4964,9284.72
4965,18013.1
4966,14539.19
4967,12622.67
4968,24895.35
4969,16471.66
4970,8833.2
4971,18326.79
4972,22434.36
4973,16275.45
4974,14527.4
4975,7056.17
4976,12057.38
4977,4059.15
4978,22591.84
4979,29313.51
4980,31315.22
4981,24523.86
4982,6296.78
4983,9785.45
4984,18142.2
4985,14137.47
4986,14590.27
4987,18313.59
4988,17077.78
4989,19760.53
4990,8988.26
4991,25395.44
4992,16741.0
4993,12171.3
4994,14302.01
4995,17905.88
4996,20207.37
4997,11077.06
4998,11932.11
4999,11105.33
5000,16692.01
